number,last_seen,days_since
64,2026-10-01,8
28,2026-10-02,7
32,2026-10-02,7
18,2026-10-03,6
20,2026-10-03,6
22,2026-10-04,5
17,2026-10-06,3
30,2026-10-06,3
42,2026-10-06,3
00,2026-10-07,2
07,2026-10-07,2
50,2026-10-08,1
57,2026-10-08,1
67,2026-10-08,1
83,2026-10-08,1
99,2026-10-08,1
01,2026-10-09,0
02,2026-10-09,0
03,2026-10-09,0
04,2026-10-09,0
05,2026-10-09,0
06,2026-10-09,0
08,2026-10-09,0
09,2026-10-09,0
10,2026-10-09,0
11,2026-10-09,0
12,2026-10-09,0
13,2026-10-09,0
14,2026-10-09,0
15,2026-10-09,0
16,2026-10-09,0
19,2026-10-09,0
21,2026-10-09,0
23,2026-10-09,0
24,2026-10-09,0
25,2026-10-09,0
26,2026-10-09,0
27,2026-10-09,0
29,2026-10-09,0
31,2026-10-09,0
33,2026-10-09,0
34,2026-10-09,0
35,2026-10-09,0
36,2026-10-09,0
37,2026-10-09,0
38,2026-10-09,0
39,2026-10-09,0
40,2026-10-09,0
41,2026-10-09,0
43,2026-10-09,0
44,2026-10-09,0
45,2026-10-09,0
46,2026-10-09,0
47,2026-10-09,0
48,2026-10-09,0
49,2026-10-09,0
51,2026-10-09,0
52,2026-10-09,0
53,2026-10-09,0
54,2026-10-09,0
55,2026-10-09,0
56,2026-10-09,0
58,2026-10-09,0
59,2026-10-09,0
60,2026-10-09,0
61,2026-10-09,0
62,2026-10-09,0
63,2026-10-09,0
65,2026-10-09,0
66,2026-10-09,0
68,2026-10-09,0
69,2026-10-09,0
70,2026-10-09,0
71,2026-10-09,0
72,2026-10-09,0
73,2026-10-09,0
74,2026-10-09,0
75,2026-10-09,0
76,2026-10-09,0
77,2026-10-09,0
78,2026-10-09,0
79,2026-10-09,0
80,2026-10-09,0
81,2026-10-09,0
82,2026-10-09,0
84,2026-10-09,0
85,2026-10-09,0
86,2026-10-09,0
87,2026-10-09,0
88,2026-10-09,0
89,2026-10-09,0
90,2026-10-09,0
91,2026-10-09,0
92,2026-10-09,0
93,2026-10-09,0
94,2026-10-09,0
95,2026-10-09,0
96,2026-10-09,0
97,2026-10-09,0
98,2026-10-09,0
