number,count
34,268
33,245
46,229
17,222
64,222
35,220
48,220
19,218
50,215
52,215
99,210
32,206
77,206
83,203
38,199
62,198
88,198
70,197
90,197
75,196
51,195
61,191
72,191
11,190
63,190
92,190
06,189
94,189
40,187
67,186
24,185
39,185
44,185
68,183
89,183
93,183
95,183
37,180
02,179
09,179
22,179
04,178
20,178
53,176
81,174
18,173
27,173
54,172
49,170
43,169
69,168
84,168
60,167
86,167
26,166
13,165
10,164
00,162
21,162
80,162
82,162
85,162
29,161
42,160
05,158
08,157
87,156
97,156
14,153
96,153
12,151
56,151
66,150
74,150
41,149
65,148
47,145
57,144
15,143
31,142
36,140
73,139
03,138
79,136
45,132
76,131
98,127
55,124
71,124
07,120
16,119
30,119
91,119
23,118
28,112
78,112
59,103
01,96
25,87
58,74
