number,2026-07,2026-08,2026-09,2026-10
00,19,80,52,2
01,25,34,23,1
02,36,67,42,3
03,20,53,51,1
04,12,83,56,3
05,79,39,30,1
06,46,61,57,1
07,8,41,56,3
08,32,46,52,3
09,40,67,38,1
10,43,59,45,2
11,34,70,74,2
12,30,54,56,2
13,52,48,56,0
14,18,56,51,1
15,9,68,45,2
16,16,31,58,1
17,55,111,48,2
18,25,103,41,1
19,61,58,68,5
20,17,94,64,1
21,13,66,75,0
22,9,72,85,4
23,17,61,25,2
24,35,69,69,1
25,17,43,10,2
26,39,61,51,1
27,28,67,60,1
28,21,30,59,1
29,35,59,55,1
30,32,31,47,3
31,17,47,65,0
32,34,82,88,1
33,38,107,66,7
34,35,115,94,3
35,38,87,57,2
36,21,64,49,0
37,50,23,67,3
38,35,78,55,0
39,49,30,92,2
40,33,74,71,1
41,21,49,59,5
42,44,74,36,1
43,20,64,58,1
44,21,53,85,3
45,23,27,46,2
46,65,47,93,4
47,35,53,44,1
48,23,55,107,4
49,38,68,46,3
50,59,73,60,3
51,19,78,52,1
52,44,77,68,2
53,63,27,59,1
54,39,89,19,1
55,12,42,49,3
56,29,52,59,1
57,32,29,72,1
58,30,19,21,0
59,15,40,34,0
60,38,59,47,3
61,53,88,40,2
62,39,74,72,1
63,63,47,50,2
64,40,86,95,1
65,60,25,35,4
66,41,40,52,3
67,42,48,78,3
68,50,59,55,2
69,31,88,30,1
70,47,48,74,2
71,27,26,57,2
72,39,47,74,2
73,10,68,43,2
74,48,26,50,3
75,56,38,55,3
76,13,62,43,0
77,40,62,88,2
78,29,31,46,0
79,19,35,70,2
80,29,68,38,2
81,45,86,31,2
82,47,51,49,2
83,53,82,61,0
84,34,60,54,2
85,43,16,71,4
86,38,58,53,1
87,23,62,53,1
88,35,73,61,1
89,46,42,63,2
90,51,66,57,2
91,14,52,20,5
92,50,49,68,4
93,18,49,104,2
94,45,73,53,0
95,39,92,39,1
96,19,46,78,1
97,31,58,45,3
98,31,42,42,2
99,21,72,106,2
