month,number,count
2026-07,00,19
2026-07,01,25
2026-07,02,36
2026-07,03,20
2026-07,04,12
2026-07,05,79
2026-07,06,46
2026-07,07,8
2026-07,08,32
2026-07,09,40
2026-07,10,43
2026-07,11,34
2026-07,12,30
2026-07,13,52
2026-07,14,18
2026-07,15,9
2026-07,16,16
2026-07,17,55
2026-07,18,25
2026-07,19,61
2026-07,20,17
2026-07,21,13
2026-07,22,9
2026-07,23,17
2026-07,24,35
2026-07,25,17
2026-07,26,39
2026-07,27,28
2026-07,28,21
2026-07,29,35
2026-07,30,32
2026-07,31,17
2026-07,32,34
2026-07,33,38
2026-07,34,35
2026-07,35,38
2026-07,36,21
2026-07,37,50
2026-07,38,35
2026-07,39,49
2026-07,40,33
2026-07,41,21
2026-07,42,44
2026-07,43,20
2026-07,44,21
2026-07,45,23
2026-07,46,65
2026-07,47,35
2026-07,48,23
2026-07,49,38
2026-07,50,59
2026-07,51,19
2026-07,52,44
2026-07,53,63
2026-07,54,39
2026-07,55,12
2026-07,56,29
2026-07,57,32
2026-07,58,30
2026-07,59,15
2026-07,60,38
2026-07,61,53
2026-07,62,39
2026-07,63,63
2026-07,64,40
2026-07,65,60
2026-07,66,41
2026-07,67,42
2026-07,68,50
2026-07,69,31
2026-07,70,47
2026-07,71,27
2026-07,72,39
2026-07,73,10
2026-07,74,48
2026-07,75,56
2026-07,76,13
2026-07,77,40
2026-07,78,29
2026-07,79,19
2026-07,80,29
2026-07,81,45
2026-07,82,47
2026-07,83,53
2026-07,84,34
2026-07,85,43
2026-07,86,38
2026-07,87,23
2026-07,88,35
2026-07,89,46
2026-07,90,51
2026-07,91,14
2026-07,92,50
2026-07,93,18
2026-07,94,45
2026-07,95,39
2026-07,96,19
2026-07,97,31
2026-07,98,31
2026-07,99,21
2026-08,00,80
2026-08,01,34
2026-08,02,67
2026-08,03,53
2026-08,04,83
2026-08,05,39
2026-08,06,61
2026-08,07,41
2026-08,08,46
2026-08,09,67
2026-08,10,59
2026-08,11,70
2026-08,12,54
2026-08,13,48
2026-08,14,56
2026-08,15,68
2026-08,16,31
2026-08,17,111
2026-08,18,103
2026-08,19,58
2026-08,20,94
2026-08,21,66
2026-08,22,72
2026-08,23,61
2026-08,24,69
2026-08,25,43
2026-08,26,61
2026-08,27,67
2026-08,28,30
2026-08,29,59
2026-08,30,31
2026-08,31,47
2026-08,32,82
2026-08,33,107
2026-08,34,115
2026-08,35,87
2026-08,36,64
2026-08,37,23
2026-08,38,78
2026-08,39,30
2026-08,40,74
2026-08,41,49
2026-08,42,74
2026-08,43,64
2026-08,44,53
2026-08,45,27
2026-08,46,47
2026-08,47,53
2026-08,48,55
2026-08,49,68
2026-08,50,73
2026-08,51,78
2026-08,52,77
2026-08,53,27
2026-08,54,89
2026-08,55,42
2026-08,56,52
2026-08,57,29
2026-08,58,19
2026-08,59,40
2026-08,60,59
2026-08,61,88
2026-08,62,74
2026-08,63,47
2026-08,64,86
2026-08,65,25
2026-08,66,40
2026-08,67,48
2026-08,68,59
2026-08,69,88
2026-08,70,48
2026-08,71,26
2026-08,72,47
2026-08,73,68
2026-08,74,26
2026-08,75,38
2026-08,76,62
2026-08,77,62
2026-08,78,31
2026-08,79,35
2026-08,80,68
2026-08,81,86
2026-08,82,51
2026-08,83,82
2026-08,84,60
2026-08,85,16
2026-08,86,58
2026-08,87,62
2026-08,88,73
2026-08,89,42
2026-08,90,66
2026-08,91,52
2026-08,92,49
2026-08,93,49
2026-08,94,73
2026-08,95,92
2026-08,96,46
2026-08,97,58
2026-08,98,42
2026-08,99,72
2026-09,00,52
2026-09,01,23
2026-09,02,42
2026-09,03,51
2026-09,04,56
2026-09,05,30
2026-09,06,57
2026-09,07,56
2026-09,08,52
2026-09,09,38
2026-09,10,45
2026-09,11,74
2026-09,12,56
2026-09,13,56
2026-09,14,51
2026-09,15,45
2026-09,16,58
2026-09,17,48
2026-09,18,41
2026-09,19,68
2026-09,20,64
2026-09,21,75
2026-09,22,85
2026-09,23,25
2026-09,24,69
2026-09,25,10
2026-09,26,51
2026-09,27,60
2026-09,28,59
2026-09,29,55
2026-09,30,47
2026-09,31,65
2026-09,32,88
2026-09,33,66
2026-09,34,94
2026-09,35,57
2026-09,36,49
2026-09,37,67
2026-09,38,55
2026-09,39,92
2026-09,40,71
2026-09,41,59
2026-09,42,36
2026-09,43,58
2026-09,44,85
2026-09,45,46
2026-09,46,93
2026-09,47,44
2026-09,48,107
2026-09,49,46
2026-09,50,60
2026-09,51,52
2026-09,52,68
2026-09,53,59
2026-09,54,19
2026-09,55,49
2026-09,56,59
2026-09,57,72
2026-09,58,21
2026-09,59,34
2026-09,60,47
2026-09,61,40
2026-09,62,72
2026-09,63,50
2026-09,64,95
2026-09,65,35
2026-09,66,52
2026-09,67,78
2026-09,68,55
2026-09,69,30
2026-09,70,74
2026-09,71,57
2026-09,72,74
2026-09,73,43
2026-09,74,50
2026-09,75,55
2026-09,76,43
2026-09,77,88
2026-09,78,46
2026-09,79,70
2026-09,80,38
2026-09,81,31
2026-09,82,49
2026-09,83,61
2026-09,84,54
2026-09,85,71
2026-09,86,53
2026-09,87,53
2026-09,88,61
2026-09,89,63
2026-09,90,57
2026-09,91,20
2026-09,92,68
2026-09,93,104
2026-09,94,53
2026-09,95,39
2026-09,96,78
2026-09,97,45
2026-09,98,42
2026-09,99,106
2026-10,00,11
2026-10,01,9
2026-10,02,20
2026-10,03,9
2026-10,04,21
2026-10,05,7
2026-10,06,18
2026-10,07,15
2026-10,08,21
2026-10,09,24
2026-10,10,14
2026-10,11,9
2026-10,12,8
2026-10,13,6
2026-10,14,17
2026-10,15,14
2026-10,16,9
2026-10,17,8
2026-10,18,3
2026-10,19,24
2026-10,20,3
2026-10,21,5
2026-10,22,11
2026-10,23,12
2026-10,24,7
2026-10,25,14
2026-10,26,9
2026-10,27,12
2026-10,28,2
2026-10,29,10
2026-10,30,8
2026-10,31,7
2026-10,32,2
2026-10,33,27
2026-10,34,15
2026-10,35,21
2026-10,36,2
2026-10,37,31
2026-10,38,19
2026-10,39,11
2026-10,40,6
2026-10,41,18
2026-10,42,6
2026-10,43,12
2026-10,44,18
2026-10,45,20
2026-10,46,19
2026-10,47,7
2026-10,48,24
2026-10,49,15
2026-10,50,21
2026-10,51,26
2026-10,52,19
2026-10,53,17
2026-10,54,14
2026-10,55,15
2026-10,56,9
2026-10,57,10
2026-10,58,1
2026-10,59,5
2026-10,60,17
2026-10,61,8
2026-10,62,7
2026-10,63,22
2026-10,64,1
2026-10,65,22
2026-10,66,13
2026-10,67,16
2026-10,68,15
2026-10,69,10
2026-10,70,18
2026-10,71,10
2026-10,72,20
2026-10,73,13
2026-10,74,19
2026-10,75,31
2026-10,76,7
2026-10,77,12
2026-10,78,2
2026-10,79,5
2026-10,80,15
2026-10,81,7
2026-10,82,7
2026-10,83,6
2026-10,84,16
2026-10,85,28
2026-10,86,11
2026-10,87,15
2026-10,88,19
2026-10,89,20
2026-10,90,17
2026-10,91,30
2026-10,92,17
2026-10,93,9
2026-10,94,10
2026-10,95,10
2026-10,96,7
2026-10,97,15
2026-10,98,9
2026-10,99,10
