draw_date,number,moving_average
2026-07-14,00,0.13333333333333333
2026-07-14,01,0.1
2026-07-14,02,0.03333333333333333
2026-07-14,03,0.06666666666666667
2026-07-14,04,0.0
2026-07-14,05,0.13333333333333333
2026-07-14,06,0.06666666666666667
2026-07-14,07,0.03333333333333333
2026-07-14,08,0.03333333333333333
2026-07-14,09,0.03333333333333333
2026-07-14,10,0.06666666666666667
2026-07-14,11,0.03333333333333333
2026-07-14,12,0.03333333333333333
2026-07-14,13,0.16666666666666666
2026-07-14,14,0.03333333333333333
2026-07-14,15,0.0
2026-07-14,16,0.03333333333333333
2026-07-14,17,0.1
2026-07-14,18,0.03333333333333333
2026-07-14,19,0.16666666666666666
2026-07-14,20,0.13333333333333333
2026-07-14,21,0.0
2026-07-14,22,0.03333333333333333
2026-07-14,23,0.06666666666666667
2026-07-14,24,0.06666666666666667
2026-07-14,25,0.03333333333333333
2026-07-14,26,0.1
2026-07-14,27,0.06666666666666667
2026-07-14,28,0.0
2026-07-14,29,0.0
2026-07-14,30,0.03333333333333333
2026-07-14,31,0.13333333333333333
2026-07-14,32,0.06666666666666667
2026-07-14,33,0.06666666666666667
2026-07-14,34,0.1
2026-07-14,35,0.0
2026-07-14,36,0.06666666666666667
2026-07-14,37,0.1
2026-07-14,38,0.0
2026-07-14,39,0.03333333333333333
2026-07-14,40,0.13333333333333333
2026-07-14,41,0.06666666666666667
2026-07-14,42,0.03333333333333333
2026-07-14,43,0.03333333333333333
2026-07-14,44,0.0
2026-07-14,45,0.03333333333333333
2026-07-14,46,0.06666666666666667
2026-07-14,47,0.03333333333333333
2026-07-14,48,0.03333333333333333
2026-07-14,49,0.1
2026-07-14,50,0.13333333333333333
2026-07-14,51,0.0
2026-07-14,52,0.03333333333333333
2026-07-14,53,0.06666666666666667
2026-07-14,54,0.03333333333333333
2026-07-14,55,0.03333333333333333
2026-07-14,56,0.06666666666666667
2026-07-14,57,0.06666666666666667
2026-07-14,58,0.06666666666666667
2026-07-14,59,0.03333333333333333
2026-07-14,60,0.1
2026-07-14,61,0.1
2026-07-14,62,0.1
2026-07-14,63,0.06666666666666667
2026-07-14,64,0.16666666666666666
2026-07-14,65,0.06666666666666667
2026-07-14,66,0.06666666666666667
2026-07-14,67,0.1
2026-07-14,68,0.1
2026-07-14,69,0.06666666666666667
2026-07-14,70,0.0
2026-07-14,71,0.06666666666666667
2026-07-14,72,0.03333333333333333
2026-07-14,73,0.13333333333333333
2026-07-14,74,0.06666666666666667
2026-07-14,75,0.13333333333333333
2026-07-14,76,0.03333333333333333
2026-07-14,77,0.03333333333333333
2026-07-14,78,0.03333333333333333
2026-07-14,79,0.06666666666666667
2026-07-14,80,0.1
2026-07-14,81,0.06666666666666667
2026-07-14,82,0.06666666666666667
2026-07-14,83,0.06666666666666667
2026-07-14,84,0.03333333333333333
2026-07-14,85,0.06666666666666667
2026-07-14,86,0.03333333333333333
2026-07-14,87,0.06666666666666667
2026-07-14,88,0.03333333333333333
2026-07-14,89,0.13333333333333333
2026-07-14,90,0.1
2026-07-14,91,0.06666666666666667
2026-07-14,92,0.1
2026-07-14,93,0.0
2026-07-14,94,0.1
2026-07-14,95,0.03333333333333333
2026-07-14,96,0.03333333333333333
2026-07-14,97,0.06666666666666667
2026-07-14,98,0.03333333333333333
2026-07-14,99,0.1
2026-07-15,00,0.23333333333333334
2026-07-15,01,0.2
2026-07-15,02,0.06666666666666667
2026-07-15,03,0.13333333333333333
2026-07-15,04,0.0
2026-07-15,05,0.3
2026-07-15,06,0.16666666666666666
2026-07-15,07,0.03333333333333333
2026-07-15,08,0.1
2026-07-15,09,0.06666666666666667
2026-07-15,10,0.13333333333333333
2026-07-15,11,0.1
2026-07-15,12,0.06666666666666667
2026-07-15,13,0.3333333333333333
2026-07-15,14,0.06666666666666667
2026-07-15,15,0.0
2026-07-15,16,0.06666666666666667
2026-07-15,17,0.2
2026-07-15,18,0.1
2026-07-15,19,0.36666666666666664
2026-07-15,20,0.2
2026-07-15,21,0.0
2026-07-15,22,0.06666666666666667
2026-07-15,23,0.13333333333333333
2026-07-15,24,0.13333333333333333
2026-07-15,25,0.06666666666666667
2026-07-15,26,0.16666666666666666
2026-07-15,27,0.1
2026-07-15,28,0.0
2026-07-15,29,0.0
2026-07-15,30,0.06666666666666667
2026-07-15,31,0.26666666666666666
2026-07-15,32,0.13333333333333333
2026-07-15,33,0.16666666666666666
2026-07-15,34,0.2
2026-07-15,35,0.03333333333333333
2026-07-15,36,0.13333333333333333
2026-07-15,37,0.16666666666666666
2026-07-15,38,0.03333333333333333
2026-07-15,39,0.06666666666666667
2026-07-15,40,0.26666666666666666
2026-07-15,41,0.06666666666666667
2026-07-15,42,0.06666666666666667
2026-07-15,43,0.06666666666666667
2026-07-15,44,0.03333333333333333
2026-07-15,45,0.06666666666666667
2026-07-15,46,0.13333333333333333
2026-07-15,47,0.1
2026-07-15,48,0.06666666666666667
2026-07-15,49,0.2
2026-07-15,50,0.26666666666666666
2026-07-15,51,0.0
2026-07-15,52,0.06666666666666667
2026-07-15,53,0.16666666666666666
2026-07-15,54,0.06666666666666667
2026-07-15,55,0.06666666666666667
2026-07-15,56,0.13333333333333333
2026-07-15,57,0.16666666666666666
2026-07-15,58,0.13333333333333333
2026-07-15,59,0.06666666666666667
2026-07-15,60,0.2
2026-07-15,61,0.2
2026-07-15,62,0.2
2026-07-15,63,0.1
2026-07-15,64,0.3333333333333333
2026-07-15,65,0.13333333333333333
2026-07-15,66,0.13333333333333333
2026-07-15,67,0.16666666666666666
2026-07-15,68,0.2
2026-07-15,69,0.13333333333333333
2026-07-15,70,0.03333333333333333
2026-07-15,71,0.1
2026-07-15,72,0.13333333333333333
2026-07-15,73,0.23333333333333334
2026-07-15,74,0.13333333333333333
2026-07-15,75,0.26666666666666666
2026-07-15,76,0.06666666666666667
2026-07-15,77,0.06666666666666667
2026-07-15,78,0.03333333333333333
2026-07-15,79,0.1
2026-07-15,80,0.16666666666666666
2026-07-15,81,0.1
2026-07-15,82,0.13333333333333333
2026-07-15,83,0.16666666666666666
2026-07-15,84,0.06666666666666667
2026-07-15,85,0.16666666666666666
2026-07-15,86,0.1
2026-07-15,87,0.06666666666666667
2026-07-15,88,0.06666666666666667
2026-07-15,89,0.23333333333333334
2026-07-15,90,0.16666666666666666
2026-07-15,91,0.13333333333333333
2026-07-15,92,0.26666666666666666
2026-07-15,93,0.0
2026-07-15,94,0.2
2026-07-15,95,0.1
2026-07-15,96,0.06666666666666667
2026-07-15,97,0.13333333333333333
2026-07-15,98,0.06666666666666667
2026-07-15,99,0.16666666666666666
2026-07-16,00,0.3
2026-07-16,01,0.3
2026-07-16,02,0.1
2026-07-16,03,0.2
2026-07-16,04,0.03333333333333333
2026-07-16,05,0.43333333333333335
2026-07-16,06,0.26666666666666666
2026-07-16,07,0.03333333333333333
2026-07-16,08,0.16666666666666666
2026-07-16,09,0.1
2026-07-16,10,0.16666666666666666
2026-07-16,11,0.16666666666666666
2026-07-16,12,0.1
2026-07-16,13,0.43333333333333335
2026-07-16,14,0.1
2026-07-16,15,0.0
2026-07-16,16,0.13333333333333333
2026-07-16,17,0.3333333333333333
2026-07-16,18,0.16666666666666666
2026-07-16,19,0.5333333333333333
2026-07-16,20,0.26666666666666666
2026-07-16,21,0.0
2026-07-16,22,0.06666666666666667
2026-07-16,23,0.2
2026-07-16,24,0.16666666666666666
2026-07-16,25,0.1
2026-07-16,26,0.23333333333333334
2026-07-16,27,0.13333333333333333
2026-07-16,28,0.03333333333333333
2026-07-16,29,0.03333333333333333
2026-07-16,30,0.1
2026-07-16,31,0.4
2026-07-16,32,0.2
2026-07-16,33,0.3
2026-07-16,34,0.3
2026-07-16,35,0.06666666666666667
2026-07-16,36,0.2
2026-07-16,37,0.3
2026-07-16,38,0.06666666666666667
2026-07-16,39,0.1
2026-07-16,40,0.36666666666666664
2026-07-16,41,0.06666666666666667
2026-07-16,42,0.1
2026-07-16,43,0.1
2026-07-16,44,0.06666666666666667
2026-07-16,45,0.1
2026-07-16,46,0.23333333333333334
2026-07-16,47,0.16666666666666666
2026-07-16,48,0.1
2026-07-16,49,0.26666666666666666
2026-07-16,50,0.4
2026-07-16,51,0.0
2026-07-16,52,0.13333333333333333
2026-07-16,53,0.3
2026-07-16,54,0.1
2026-07-16,55,0.1
2026-07-16,56,0.23333333333333334
2026-07-16,57,0.26666666666666666
2026-07-16,58,0.16666666666666666
2026-07-16,59,0.1
2026-07-16,60,0.3
2026-07-16,61,0.3
2026-07-16,62,0.3
2026-07-16,63,0.2
2026-07-16,64,0.4666666666666667
2026-07-16,65,0.26666666666666666
2026-07-16,66,0.23333333333333334
2026-07-16,67,0.23333333333333334
2026-07-16,68,0.26666666666666666
2026-07-16,69,0.16666666666666666
2026-07-16,70,0.06666666666666667
2026-07-16,71,0.13333333333333333
2026-07-16,72,0.23333333333333334
2026-07-16,73,0.3
2026-07-16,74,0.2
2026-07-16,75,0.4
2026-07-16,76,0.1
2026-07-16,77,0.13333333333333333
2026-07-16,78,0.03333333333333333
2026-07-16,79,0.16666666666666666
2026-07-16,80,0.26666666666666666
2026-07-16,81,0.13333333333333333
2026-07-16,82,0.2
2026-07-16,83,0.3
2026-07-16,84,0.06666666666666667
2026-07-16,85,0.23333333333333334
2026-07-16,86,0.16666666666666666
2026-07-16,87,0.1
2026-07-16,88,0.1
2026-07-16,89,0.3333333333333333
2026-07-16,90,0.23333333333333334
2026-07-16,91,0.13333333333333333
2026-07-16,92,0.4
2026-07-16,93,0.0
2026-07-16,94,0.26666666666666666
2026-07-16,95,0.13333333333333333
2026-07-16,96,0.1
2026-07-16,97,0.2
2026-07-16,98,0.1
2026-07-16,99,0.23333333333333334
2026-07-17,00,0.36666666666666664
2026-07-17,01,0.4
2026-07-17,02,0.16666666666666666
2026-07-17,03,0.26666666666666666
2026-07-17,04,0.06666666666666667
2026-07-17,05,0.5666666666666667
2026-07-17,06,0.36666666666666664
2026-07-17,07,0.03333333333333333
2026-07-17,08,0.23333333333333334
2026-07-17,09,0.13333333333333333
2026-07-17,10,0.23333333333333334
2026-07-17,11,0.26666666666666666
2026-07-17,12,0.13333333333333333
2026-07-17,13,0.5333333333333333
2026-07-17,14,0.13333333333333333
2026-07-17,15,0.0
2026-07-17,16,0.16666666666666666
2026-07-17,17,0.4666666666666667
2026-07-17,18,0.23333333333333334
2026-07-17,19,0.6666666666666666
2026-07-17,20,0.3
2026-07-17,21,0.0
2026-07-17,22,0.06666666666666667
2026-07-17,23,0.26666666666666666
2026-07-17,24,0.23333333333333334
2026-07-17,25,0.13333333333333333
2026-07-17,26,0.3333333333333333
2026-07-17,27,0.16666666666666666
2026-07-17,28,0.06666666666666667
2026-07-17,29,0.1
2026-07-17,30,0.13333333333333333
2026-07-17,31,0.5
2026-07-17,32,0.26666666666666666
2026-07-17,33,0.43333333333333335
2026-07-17,34,0.36666666666666664
2026-07-17,35,0.13333333333333333
2026-07-17,36,0.23333333333333334
2026-07-17,37,0.4
2026-07-17,38,0.1
2026-07-17,39,0.2
2026-07-17,40,0.4666666666666667
2026-07-17,41,0.06666666666666667
2026-07-17,42,0.13333333333333333
2026-07-17,43,0.1
2026-07-17,44,0.1
2026-07-17,45,0.1
2026-07-17,46,0.36666666666666664
2026-07-17,47,0.26666666666666666
2026-07-17,48,0.13333333333333333
2026-07-17,49,0.3333333333333333
2026-07-17,50,0.5333333333333333
2026-07-17,51,0.0
2026-07-17,52,0.2
2026-07-17,53,0.4
2026-07-17,54,0.1
2026-07-17,55,0.13333333333333333
2026-07-17,56,0.3333333333333333
2026-07-17,57,0.36666666666666664
2026-07-17,58,0.23333333333333334
2026-07-17,59,0.16666666666666666
2026-07-17,60,0.36666666666666664
2026-07-17,61,0.36666666666666664
2026-07-17,62,0.36666666666666664
2026-07-17,63,0.3
2026-07-17,64,0.6
2026-07-17,65,0.43333333333333335
2026-07-17,66,0.3
2026-07-17,67,0.26666666666666666
2026-07-17,68,0.3333333333333333
2026-07-17,69,0.23333333333333334
2026-07-17,70,0.13333333333333333
2026-07-17,71,0.16666666666666666
2026-07-17,72,0.3333333333333333
2026-07-17,73,0.3333333333333333
2026-07-17,74,0.26666666666666666
2026-07-17,75,0.5333333333333333
2026-07-17,76,0.13333333333333333
2026-07-17,77,0.26666666666666666
2026-07-17,78,0.03333333333333333
2026-07-17,79,0.23333333333333334
2026-07-17,80,0.36666666666666664
2026-07-17,81,0.13333333333333333
2026-07-17,82,0.23333333333333334
2026-07-17,83,0.4
2026-07-17,84,0.06666666666666667
2026-07-17,85,0.3333333333333333
2026-07-17,86,0.23333333333333334
2026-07-17,87,0.13333333333333333
2026-07-17,88,0.13333333333333333
2026-07-17,89,0.43333333333333335
2026-07-17,90,0.3
2026-07-17,91,0.13333333333333333
2026-07-17,92,0.5333333333333333
2026-07-17,93,0.03333333333333333
2026-07-17,94,0.36666666666666664
2026-07-17,95,0.16666666666666666
2026-07-17,96,0.1
2026-07-17,97,0.26666666666666666
2026-07-17,98,0.13333333333333333
2026-07-17,99,0.3
2026-07-18,00,0.4
2026-07-18,01,0.4666666666666667
2026-07-18,02,0.23333333333333334
2026-07-18,03,0.3
2026-07-18,04,0.1
2026-07-18,05,0.7
2026-07-18,06,0.43333333333333335
2026-07-18,07,0.03333333333333333
2026-07-18,08,0.3
2026-07-18,09,0.2
2026-07-18,10,0.3
2026-07-18,11,0.36666666666666664
2026-07-18,12,0.2
2026-07-18,13,0.6333333333333333
2026-07-18,14,0.13333333333333333
2026-07-18,15,0.0
2026-07-18,16,0.2
2026-07-18,17,0.6
2026-07-18,18,0.3
2026-07-18,19,0.8333333333333334
2026-07-18,20,0.3333333333333333
2026-07-18,21,0.03333333333333333
2026-07-18,22,0.1
2026-07-18,23,0.3
2026-07-18,24,0.3
2026-07-18,25,0.13333333333333333
2026-07-18,26,0.36666666666666664
2026-07-18,27,0.2
2026-07-18,28,0.1
2026-07-18,29,0.16666666666666666
2026-07-18,30,0.2
2026-07-18,31,0.5333333333333333
2026-07-18,32,0.36666666666666664
2026-07-18,33,0.5666666666666667
2026-07-18,34,0.4666666666666667
2026-07-18,35,0.2
2026-07-18,36,0.26666666666666666
2026-07-18,37,0.5
2026-07-18,38,0.13333333333333333
2026-07-18,39,0.3
2026-07-18,40,0.5333333333333333
2026-07-18,41,0.06666666666666667
2026-07-18,42,0.23333333333333334
2026-07-18,43,0.1
2026-07-18,44,0.13333333333333333
2026-07-18,45,0.1
2026-07-18,46,0.5666666666666667
2026-07-18,47,0.36666666666666664
2026-07-18,48,0.16666666666666666
2026-07-18,49,0.4
2026-07-18,50,0.6666666666666666
2026-07-18,51,0.0
2026-07-18,52,0.26666666666666666
2026-07-18,53,0.5333333333333333
2026-07-18,54,0.13333333333333333
2026-07-18,55,0.16666666666666666
2026-07-18,56,0.43333333333333335
2026-07-18,57,0.43333333333333335
2026-07-18,58,0.3
2026-07-18,59,0.23333333333333334
2026-07-18,60,0.43333333333333335
2026-07-18,61,0.43333333333333335
2026-07-18,62,0.43333333333333335
2026-07-18,63,0.4
2026-07-18,64,0.7333333333333333
2026-07-18,65,0.5666666666666667
2026-07-18,66,0.36666666666666664
2026-07-18,67,0.3
2026-07-18,68,0.43333333333333335
2026-07-18,69,0.3
2026-07-18,70,0.2
2026-07-18,71,0.23333333333333334
2026-07-18,72,0.43333333333333335
2026-07-18,73,0.3333333333333333
2026-07-18,74,0.3
2026-07-18,75,0.6333333333333333
2026-07-18,76,0.16666666666666666
2026-07-18,77,0.4
2026-07-18,78,0.03333333333333333
2026-07-18,79,0.3
2026-07-18,80,0.4666666666666667
2026-07-18,81,0.13333333333333333
2026-07-18,82,0.26666666666666666
2026-07-18,83,0.4666666666666667
2026-07-18,84,0.1
2026-07-18,85,0.4666666666666667
2026-07-18,86,0.3333333333333333
2026-07-18,87,0.16666666666666666
2026-07-18,88,0.16666666666666666
2026-07-18,89,0.5
2026-07-18,90,0.36666666666666664
2026-07-18,91,0.13333333333333333
2026-07-18,92,0.6666666666666666
2026-07-18,93,0.06666666666666667
2026-07-18,94,0.4666666666666667
2026-07-18,95,0.23333333333333334
2026-07-18,96,0.1
2026-07-18,97,0.3333333333333333
2026-07-18,98,0.13333333333333333
2026-07-18,99,0.36666666666666664
2026-07-19,00,0.43333333333333335
2026-07-19,01,0.5333333333333333
2026-07-19,02,0.3
2026-07-19,03,0.3333333333333333
2026-07-19,04,0.13333333333333333
2026-07-19,05,0.8333333333333334
2026-07-19,06,0.4666666666666667
2026-07-19,07,0.03333333333333333
2026-07-19,08,0.3333333333333333
2026-07-19,09,0.26666666666666666
2026-07-19,10,0.36666666666666664
2026-07-19,11,0.4666666666666667
2026-07-19,12,0.26666666666666666
2026-07-19,13,0.7333333333333333
2026-07-19,14,0.16666666666666666
2026-07-19,15,0.0
2026-07-19,16,0.23333333333333334
2026-07-19,17,0.7
2026-07-19,18,0.36666666666666664
2026-07-19,19,0.9666666666666667
2026-07-19,20,0.3333333333333333
2026-07-19,21,0.06666666666666667
2026-07-19,22,0.13333333333333333
2026-07-19,23,0.3
2026-07-19,24,0.36666666666666664
2026-07-19,25,0.13333333333333333
2026-07-19,26,0.43333333333333335
2026-07-19,27,0.23333333333333334
2026-07-19,28,0.13333333333333333
2026-07-19,29,0.23333333333333334
2026-07-19,30,0.26666666666666666
2026-07-19,31,0.5666666666666667
2026-07-19,32,0.4666666666666667
2026-07-19,33,0.7
2026-07-19,34,0.5
2026-07-19,35,0.26666666666666666
2026-07-19,36,0.26666666666666666
2026-07-19,37,0.5666666666666667
2026-07-19,38,0.23333333333333334
2026-07-19,39,0.4
2026-07-19,40,0.5333333333333333
2026-07-19,41,0.1
2026-07-19,42,0.36666666666666664
2026-07-19,43,0.13333333333333333
2026-07-19,44,0.16666666666666666
2026-07-19,45,0.1
2026-07-19,46,0.7666666666666667
2026-07-19,47,0.4666666666666667
2026-07-19,48,0.2
2026-07-19,49,0.4666666666666667
2026-07-19,50,0.8
2026-07-19,51,0.0
2026-07-19,52,0.3333333333333333
2026-07-19,53,0.7
2026-07-19,54,0.16666666666666666
2026-07-19,55,0.2
2026-07-19,56,0.5
2026-07-19,57,0.5333333333333333
2026-07-19,58,0.36666666666666664
2026-07-19,59,0.26666666666666666
2026-07-19,60,0.5
2026-07-19,61,0.5
2026-07-19,62,0.43333333333333335
2026-07-19,63,0.5666666666666667
2026-07-19,64,0.8333333333333334
2026-07-19,65,0.6666666666666666
2026-07-19,66,0.43333333333333335
2026-07-19,67,0.3333333333333333
2026-07-19,68,0.5666666666666667
2026-07-19,69,0.3333333333333333
2026-07-19,70,0.26666666666666666
2026-07-19,71,0.3
2026-07-19,72,0.5333333333333333
2026-07-19,73,0.3333333333333333
2026-07-19,74,0.3333333333333333
2026-07-19,75,0.7333333333333333
2026-07-19,76,0.2
2026-07-19,77,0.5333333333333333
2026-07-19,78,0.06666666666666667
2026-07-19,79,0.36666666666666664
2026-07-19,80,0.5666666666666667
2026-07-19,81,0.2
2026-07-19,82,0.3333333333333333
2026-07-19,83,0.5333333333333333
2026-07-19,84,0.13333333333333333
2026-07-19,85,0.6
2026-07-19,86,0.43333333333333335
2026-07-19,87,0.23333333333333334
2026-07-19,88,0.23333333333333334
2026-07-19,89,0.5666666666666667
2026-07-19,90,0.4666666666666667
2026-07-19,91,0.13333333333333333
2026-07-19,92,0.8
2026-07-19,93,0.1
2026-07-19,94,0.5333333333333333
2026-07-19,95,0.3333333333333333
2026-07-19,96,0.1
2026-07-19,97,0.4
2026-07-19,98,0.13333333333333333
2026-07-19,99,0.43333333333333335
2026-07-20,00,0.4666666666666667
2026-07-20,01,0.6
2026-07-20,02,0.36666666666666664
2026-07-20,03,0.3333333333333333
2026-07-20,04,0.16666666666666666
2026-07-20,05,0.9333333333333333
2026-07-20,06,0.5
2026-07-20,07,0.03333333333333333
2026-07-20,08,0.36666666666666664
2026-07-20,09,0.3333333333333333
2026-07-20,10,0.43333333333333335
2026-07-20,11,0.5666666666666667
2026-07-20,12,0.3333333333333333
2026-07-20,13,0.8
2026-07-20,14,0.23333333333333334
2026-07-20,15,0.0
2026-07-20,16,0.26666666666666666
2026-07-20,17,0.8
2026-07-20,18,0.4666666666666667
2026-07-20,19,1.1
2026-07-20,20,0.3333333333333333
2026-07-20,21,0.1
2026-07-20,22,0.16666666666666666
2026-07-20,23,0.3
2026-07-20,24,0.4
2026-07-20,25,0.13333333333333333
2026-07-20,26,0.5
2026-07-20,27,0.3
2026-07-20,28,0.2
2026-07-20,29,0.3
2026-07-20,30,0.3
2026-07-20,31,0.5666666666666667
2026-07-20,32,0.5333333333333333
2026-07-20,33,0.8333333333333334
2026-07-20,34,0.5333333333333333
2026-07-20,35,0.3333333333333333
2026-07-20,36,0.3
2026-07-20,37,0.6666666666666666
2026-07-20,38,0.3333333333333333
2026-07-20,39,0.5666666666666667
2026-07-20,40,0.5333333333333333
2026-07-20,41,0.13333333333333333
2026-07-20,42,0.4666666666666667
2026-07-20,43,0.16666666666666666
2026-07-20,44,0.23333333333333334
2026-07-20,45,0.1
2026-07-20,46,0.9666666666666667
2026-07-20,47,0.5666666666666667
2026-07-20,48,0.23333333333333334
2026-07-20,49,0.5333333333333333
2026-07-20,50,0.9333333333333333
2026-07-20,51,0.0
2026-07-20,52,0.4
2026-07-20,53,0.8333333333333334
2026-07-20,54,0.2
2026-07-20,55,0.2
2026-07-20,56,0.5666666666666667
2026-07-20,57,0.6333333333333333
2026-07-20,58,0.43333333333333335
2026-07-20,59,0.3
2026-07-20,60,0.5666666666666667
2026-07-20,61,0.5666666666666667
2026-07-20,62,0.43333333333333335
2026-07-20,63,0.7666666666666667
2026-07-20,64,0.8666666666666667
2026-07-20,65,0.7666666666666667
2026-07-20,66,0.5
2026-07-20,67,0.36666666666666664
2026-07-20,68,0.6666666666666666
2026-07-20,69,0.36666666666666664
2026-07-20,70,0.36666666666666664
2026-07-20,71,0.36666666666666664
2026-07-20,72,0.6666666666666666
2026-07-20,73,0.3333333333333333
2026-07-20,74,0.43333333333333335
2026-07-20,75,0.8
2026-07-20,76,0.2
2026-07-20,77,0.7
2026-07-20,78,0.1
2026-07-20,79,0.43333333333333335
2026-07-20,80,0.6333333333333333
2026-07-20,81,0.26666666666666666
2026-07-20,82,0.4
2026-07-20,83,0.6666666666666666
2026-07-20,84,0.16666666666666666
2026-07-20,85,0.7
2026-07-20,86,0.5333333333333333
2026-07-20,87,0.3
2026-07-20,88,0.3333333333333333
2026-07-20,89,0.7
2026-07-20,90,0.5666666666666667
2026-07-20,91,0.13333333333333333
2026-07-20,92,0.9
2026-07-20,93,0.13333333333333333
2026-07-20,94,0.6333333333333333
2026-07-20,95,0.43333333333333335
2026-07-20,96,0.1
2026-07-20,97,0.4
2026-07-20,98,0.13333333333333333
2026-07-20,99,0.4666666666666667
2026-07-21,00,0.5
2026-07-21,01,0.6666666666666666
2026-07-21,02,0.43333333333333335
2026-07-21,03,0.3333333333333333
2026-07-21,04,0.2
2026-07-21,05,1.0
2026-07-21,06,0.6
2026-07-21,07,0.06666666666666667
2026-07-21,08,0.4
2026-07-21,09,0.43333333333333335
2026-07-21,10,0.4666666666666667
2026-07-21,11,0.6666666666666666
2026-07-21,12,0.36666666666666664
2026-07-21,13,0.8666666666666667
2026-07-21,14,0.3
2026-07-21,15,0.0
2026-07-21,16,0.3
2026-07-21,17,0.8666666666666667
2026-07-21,18,0.5666666666666667
2026-07-21,19,1.2
2026-07-21,20,0.3333333333333333
2026-07-21,21,0.13333333333333333
2026-07-21,22,0.2
2026-07-21,23,0.3
2026-07-21,24,0.43333333333333335
2026-07-21,25,0.13333333333333333
2026-07-21,26,0.6
2026-07-21,27,0.36666666666666664
2026-07-21,28,0.26666666666666666
2026-07-21,29,0.36666666666666664
2026-07-21,30,0.3333333333333333
2026-07-21,31,0.5666666666666667
2026-07-21,32,0.6
2026-07-21,33,0.9333333333333333
2026-07-21,34,0.5666666666666667
2026-07-21,35,0.4
2026-07-21,36,0.3333333333333333
2026-07-21,37,0.7666666666666667
2026-07-21,38,0.43333333333333335
2026-07-21,39,0.7
2026-07-21,40,0.5333333333333333
2026-07-21,41,0.16666666666666666
2026-07-21,42,0.5666666666666667
2026-07-21,43,0.2
2026-07-21,44,0.3333333333333333
2026-07-21,45,0.1
2026-07-21,46,1.1333333333333333
2026-07-21,47,0.6666666666666666
2026-07-21,48,0.23333333333333334
2026-07-21,49,0.5666666666666667
2026-07-21,50,1.0666666666666667
2026-07-21,51,0.06666666666666667
2026-07-21,52,0.4666666666666667
2026-07-21,53,1.0333333333333334
2026-07-21,54,0.23333333333333334
2026-07-21,55,0.2
2026-07-21,56,0.6333333333333333
2026-07-21,57,0.7
2026-07-21,58,0.5
2026-07-21,59,0.3333333333333333
2026-07-21,60,0.6333333333333333
2026-07-21,61,0.6333333333333333
2026-07-21,62,0.4666666666666667
2026-07-21,63,1.0
2026-07-21,64,0.8666666666666667
2026-07-21,65,0.8666666666666667
2026-07-21,66,0.5333333333333333
2026-07-21,67,0.4
2026-07-21,68,0.7333333333333333
2026-07-21,69,0.4
2026-07-21,70,0.5333333333333333
2026-07-21,71,0.43333333333333335
2026-07-21,72,0.8333333333333334
2026-07-21,73,0.3333333333333333
2026-07-21,74,0.5333333333333333
2026-07-21,75,0.8333333333333334
2026-07-21,76,0.2
2026-07-21,77,0.8666666666666667
2026-07-21,78,0.13333333333333333
2026-07-21,79,0.4666666666666667
2026-07-21,80,0.7
2026-07-21,81,0.3333333333333333
2026-07-21,82,0.43333333333333335
2026-07-21,83,0.8333333333333334
2026-07-21,84,0.23333333333333334
2026-07-21,85,0.8
2026-07-21,86,0.6
2026-07-21,87,0.36666666666666664
2026-07-21,88,0.4666666666666667
2026-07-21,89,0.8333333333333334
2026-07-21,90,0.6333333333333333
2026-07-21,91,0.13333333333333333
2026-07-21,92,0.9666666666666667
2026-07-21,93,0.16666666666666666
2026-07-21,94,0.7666666666666667
2026-07-21,95,0.5333333333333333
2026-07-21,96,0.1
2026-07-21,97,0.43333333333333335
2026-07-21,98,0.16666666666666666
2026-07-21,99,0.4666666666666667
2026-07-22,00,0.5
2026-07-22,01,0.7
2026-07-22,02,0.5
2026-07-22,03,0.3333333333333333
2026-07-22,04,0.23333333333333334
2026-07-22,05,1.0666666666666667
2026-07-22,06,0.7
2026-07-22,07,0.1
2026-07-22,08,0.4
2026-07-22,09,0.5333333333333333
2026-07-22,10,0.5333333333333333
2026-07-22,11,0.7666666666666667
2026-07-22,12,0.43333333333333335
2026-07-22,13,1.0
2026-07-22,14,0.36666666666666664
2026-07-22,15,0.0
2026-07-22,16,0.3333333333333333
2026-07-22,17,0.9333333333333333
2026-07-22,18,0.6333333333333333
2026-07-22,19,1.2666666666666666
2026-07-22,20,0.3333333333333333
2026-07-22,21,0.16666666666666666
2026-07-22,22,0.23333333333333334
2026-07-22,23,0.3
2026-07-22,24,0.4666666666666667
2026-07-22,25,0.13333333333333333
2026-07-22,26,0.7333333333333333
2026-07-22,27,0.43333333333333335
2026-07-22,28,0.3333333333333333
2026-07-22,29,0.43333333333333335
2026-07-22,30,0.43333333333333335
2026-07-22,31,0.5666666666666667
2026-07-22,32,0.6666666666666666
2026-07-22,33,1.0
2026-07-22,34,0.6
2026-07-22,35,0.43333333333333335
2026-07-22,36,0.36666666666666664
2026-07-22,37,0.8666666666666667
2026-07-22,38,0.5
2026-07-22,39,0.8333333333333334
2026-07-22,40,0.5333333333333333
2026-07-22,41,0.2
2026-07-22,42,0.7
2026-07-22,43,0.23333333333333334
2026-07-22,44,0.4
2026-07-22,45,0.13333333333333333
2026-07-22,46,1.3
2026-07-22,47,0.7333333333333333
2026-07-22,48,0.23333333333333334
2026-07-22,49,0.6666666666666666
2026-07-22,50,1.2
2026-07-22,51,0.13333333333333333
2026-07-22,52,0.5666666666666667
2026-07-22,53,1.2
2026-07-22,54,0.3333333333333333
2026-07-22,55,0.2
2026-07-22,56,0.7
2026-07-22,57,0.7333333333333333
2026-07-22,58,0.5666666666666667
2026-07-22,59,0.36666666666666664
2026-07-22,60,0.7
2026-07-22,61,0.7333333333333333
2026-07-22,62,0.5
2026-07-22,63,1.2333333333333334
2026-07-22,64,0.8666666666666667
2026-07-22,65,0.9666666666666667
2026-07-22,66,0.5666666666666667
2026-07-22,67,0.43333333333333335
2026-07-22,68,0.8333333333333334
2026-07-22,69,0.43333333333333335
2026-07-22,70,0.6666666666666666
2026-07-22,71,0.5
2026-07-22,72,0.9333333333333333
2026-07-22,73,0.3333333333333333
2026-07-22,74,0.6333333333333333
2026-07-22,75,0.8666666666666667
2026-07-22,76,0.2
2026-07-22,77,1.0
2026-07-22,78,0.16666666666666666
2026-07-22,79,0.5
2026-07-22,80,0.7333333333333333
2026-07-22,81,0.43333333333333335
2026-07-22,82,0.5
2026-07-22,83,1.0
2026-07-22,84,0.3333333333333333
2026-07-22,85,0.8666666666666667
2026-07-22,86,0.6666666666666666
2026-07-22,87,0.43333333333333335
2026-07-22,88,0.6
2026-07-22,89,0.9666666666666667
2026-07-22,90,0.7
2026-07-22,91,0.16666666666666666
2026-07-22,92,1.0
2026-07-22,93,0.2
2026-07-22,94,0.9
2026-07-22,95,0.6
2026-07-22,96,0.1
2026-07-22,97,0.4666666666666667
2026-07-22,98,0.2
2026-07-22,99,0.4666666666666667
2026-07-23,00,0.5
2026-07-23,01,0.7333333333333333
2026-07-23,02,0.5666666666666667
2026-07-23,03,0.3333333333333333
2026-07-23,04,0.23333333333333334
2026-07-23,05,1.1333333333333333
2026-07-23,06,0.8333333333333334
2026-07-23,07,0.13333333333333333
2026-07-23,08,0.43333333333333335
2026-07-23,09,0.6333333333333333
2026-07-23,10,0.6
2026-07-23,11,0.8666666666666667
2026-07-23,12,0.5
2026-07-23,13,1.1333333333333333
2026-07-23,14,0.43333333333333335
2026-07-23,15,0.0
2026-07-23,16,0.3333333333333333
2026-07-23,17,1.0333333333333334
2026-07-23,18,0.7
2026-07-23,19,1.3333333333333333
2026-07-23,20,0.3333333333333333
2026-07-23,21,0.2
2026-07-23,22,0.26666666666666666
2026-07-23,23,0.3333333333333333
2026-07-23,24,0.5
2026-07-23,25,0.13333333333333333
2026-07-23,26,0.8666666666666667
2026-07-23,27,0.5
2026-07-23,28,0.36666666666666664
2026-07-23,29,0.4666666666666667
2026-07-23,30,0.5333333333333333
2026-07-23,31,0.5666666666666667
2026-07-23,32,0.7333333333333333
2026-07-23,33,1.0333333333333334
2026-07-23,34,0.6666666666666666
2026-07-23,35,0.5
2026-07-23,36,0.4
2026-07-23,37,0.9
2026-07-23,38,0.5666666666666667
2026-07-23,39,1.0
2026-07-23,40,0.5333333333333333
2026-07-23,41,0.23333333333333334
2026-07-23,42,0.8333333333333334
2026-07-23,43,0.26666666666666666
2026-07-23,44,0.4666666666666667
2026-07-23,45,0.16666666666666666
2026-07-23,46,1.4
2026-07-23,47,0.8
2026-07-23,48,0.26666666666666666
2026-07-23,49,0.7333333333333333
2026-07-23,50,1.3333333333333333
2026-07-23,51,0.2
2026-07-23,52,0.6666666666666666
2026-07-23,53,1.3333333333333333
2026-07-23,54,0.5
2026-07-23,55,0.2
2026-07-23,56,0.7333333333333333
2026-07-23,57,0.7666666666666667
2026-07-23,58,0.6333333333333333
2026-07-23,59,0.4
2026-07-23,60,0.7666666666666667
2026-07-23,61,0.8333333333333334
2026-07-23,62,0.5333333333333333
2026-07-23,63,1.4
2026-07-23,64,0.8666666666666667
2026-07-23,65,1.0333333333333334
2026-07-23,66,0.6
2026-07-23,67,0.5333333333333333
2026-07-23,68,0.9333333333333333
2026-07-23,69,0.4666666666666667
2026-07-23,70,0.8
2026-07-23,71,0.5666666666666667
2026-07-23,72,1.0333333333333334
2026-07-23,73,0.3333333333333333
2026-07-23,74,0.7333333333333333
2026-07-23,75,0.9333333333333333
2026-07-23,76,0.2
2026-07-23,77,1.1
2026-07-23,78,0.2
2026-07-23,79,0.5
2026-07-23,80,0.7333333333333333
2026-07-23,81,0.5666666666666667
2026-07-23,82,0.6333333333333333
2026-07-23,83,1.1333333333333333
2026-07-23,84,0.43333333333333335
2026-07-23,85,0.9333333333333333
2026-07-23,86,0.7333333333333333
2026-07-23,87,0.4666666666666667
2026-07-23,88,0.7333333333333333
2026-07-23,89,1.1
2026-07-23,90,0.8
2026-07-23,91,0.2
2026-07-23,92,1.0333333333333334
2026-07-23,93,0.26666666666666666
2026-07-23,94,1.0333333333333334
2026-07-23,95,0.7
2026-07-23,96,0.1
2026-07-23,97,0.5
2026-07-23,98,0.23333333333333334
2026-07-23,99,0.5
2026-07-24,00,0.5
2026-07-24,01,0.7666666666666667
2026-07-24,02,0.5666666666666667
2026-07-24,03,0.3333333333333333
2026-07-24,04,0.23333333333333334
2026-07-24,05,1.2
2026-07-24,06,0.9666666666666667
2026-07-24,07,0.16666666666666666
2026-07-24,08,0.5
2026-07-24,09,0.7333333333333333
2026-07-24,10,0.6333333333333333
2026-07-24,11,0.9333333333333333
2026-07-24,12,0.5666666666666667
2026-07-24,13,1.2333333333333334
2026-07-24,14,0.5
2026-07-24,15,0.0
2026-07-24,16,0.3333333333333333
2026-07-24,17,1.1666666666666667
2026-07-24,18,0.7666666666666667
2026-07-24,19,1.4
2026-07-24,20,0.3333333333333333
2026-07-24,21,0.23333333333333334
2026-07-24,22,0.3
2026-07-24,23,0.36666666666666664
2026-07-24,24,0.5666666666666667
2026-07-24,25,0.16666666666666666
2026-07-24,26,0.9666666666666667
2026-07-24,27,0.5333333333333333
2026-07-24,28,0.4
2026-07-24,29,0.4666666666666667
2026-07-24,30,0.6333333333333333
2026-07-24,31,0.5666666666666667
2026-07-24,32,0.8
2026-07-24,33,1.0666666666666667
2026-07-24,34,0.7333333333333333
2026-07-24,35,0.5333333333333333
2026-07-24,36,0.43333333333333335
2026-07-24,37,0.9666666666666667
2026-07-24,38,0.6666666666666666
2026-07-24,39,1.1
2026-07-24,40,0.5666666666666667
2026-07-24,41,0.26666666666666666
2026-07-24,42,0.9666666666666667
2026-07-24,43,0.3333333333333333
2026-07-24,44,0.5333333333333333
2026-07-24,45,0.23333333333333334
2026-07-24,46,1.4666666666666666
2026-07-24,47,0.8333333333333334
2026-07-24,48,0.3
2026-07-24,49,0.8
2026-07-24,50,1.4666666666666666
2026-07-24,51,0.26666666666666666
2026-07-24,52,0.7666666666666667
2026-07-24,53,1.5
2026-07-24,54,0.6666666666666666
2026-07-24,55,0.2
2026-07-24,56,0.7666666666666667
2026-07-24,57,0.8333333333333334
2026-07-24,58,0.6666666666666666
2026-07-24,59,0.4
2026-07-24,60,0.8333333333333334
2026-07-24,61,0.9333333333333333
2026-07-24,62,0.6
2026-07-24,63,1.5666666666666667
2026-07-24,64,0.9
2026-07-24,65,1.1333333333333333
2026-07-24,66,0.6333333333333333
2026-07-24,67,0.6333333333333333
2026-07-24,68,1.0666666666666667
2026-07-24,69,0.4666666666666667
2026-07-24,70,0.9333333333333333
2026-07-24,71,0.6333333333333333
2026-07-24,72,1.1333333333333333
2026-07-24,73,0.3333333333333333
2026-07-24,74,0.8666666666666667
2026-07-24,75,1.0
2026-07-24,76,0.23333333333333334
2026-07-24,77,1.1333333333333333
2026-07-24,78,0.26666666666666666
2026-07-24,79,0.5
2026-07-24,80,0.7666666666666667
2026-07-24,81,0.7
2026-07-24,82,0.8
2026-07-24,83,1.2666666666666666
2026-07-24,84,0.5333333333333333
2026-07-24,85,1.0
2026-07-24,86,0.8
2026-07-24,87,0.5
2026-07-24,88,0.8666666666666667
2026-07-24,89,1.2333333333333334
2026-07-24,90,0.9
2026-07-24,91,0.23333333333333334
2026-07-24,92,1.0666666666666667
2026-07-24,93,0.3
2026-07-24,94,1.1
2026-07-24,95,0.8333333333333334
2026-07-24,96,0.1
2026-07-24,97,0.5333333333333333
2026-07-24,98,0.26666666666666666
2026-07-24,99,0.5333333333333333
2026-07-25,00,0.5
2026-07-25,01,0.8
2026-07-25,02,0.6
2026-07-25,03,0.3333333333333333
2026-07-25,04,0.23333333333333334
2026-07-25,05,1.3333333333333333
2026-07-25,06,1.1
2026-07-25,07,0.2
2026-07-25,08,0.5666666666666667
2026-07-25,09,0.8
2026-07-25,10,0.7
2026-07-25,11,1.0
2026-07-25,12,0.6
2026-07-25,13,1.3333333333333333
2026-07-25,14,0.5666666666666667
2026-07-25,15,0.0
2026-07-25,16,0.3333333333333333
2026-07-25,17,1.3
2026-07-25,18,0.8
2026-07-25,19,1.4666666666666666
2026-07-25,20,0.3333333333333333
2026-07-25,21,0.23333333333333334
2026-07-25,22,0.3
2026-07-25,23,0.4
2026-07-25,24,0.6333333333333333
2026-07-25,25,0.2
2026-07-25,26,1.0666666666666667
2026-07-25,27,0.5666666666666667
2026-07-25,28,0.4666666666666667
2026-07-25,29,0.5333333333333333
2026-07-25,30,0.7
2026-07-25,31,0.5666666666666667
2026-07-25,32,0.8
2026-07-25,33,1.1
2026-07-25,34,0.7666666666666667
2026-07-25,35,0.6
2026-07-25,36,0.4666666666666667
2026-07-25,37,1.0666666666666667
2026-07-25,38,0.7666666666666667
2026-07-25,39,1.2
2026-07-25,40,0.6
2026-07-25,41,0.3
2026-07-25,42,1.0333333333333334
2026-07-25,43,0.4
2026-07-25,44,0.6
2026-07-25,45,0.3
2026-07-25,46,1.4666666666666666
2026-07-25,47,0.8666666666666667
2026-07-25,48,0.3333333333333333
2026-07-25,49,0.8666666666666667
2026-07-25,50,1.5666666666666667
2026-07-25,51,0.3333333333333333
2026-07-25,52,0.8333333333333334
2026-07-25,53,1.6333333333333333
2026-07-25,54,0.8
2026-07-25,55,0.2
2026-07-25,56,0.8
2026-07-25,57,0.9
2026-07-25,58,0.7
2026-07-25,59,0.4
2026-07-25,60,0.9
2026-07-25,61,1.0333333333333334
2026-07-25,62,0.6666666666666666
2026-07-25,63,1.7333333333333334
2026-07-25,64,0.9333333333333333
2026-07-25,65,1.2333333333333334
2026-07-25,66,0.7
2026-07-25,67,0.7666666666666667
2026-07-25,68,1.1666666666666667
2026-07-25,69,0.5333333333333333
2026-07-25,70,1.0666666666666667
2026-07-25,71,0.7
2026-07-25,72,1.2
2026-07-25,73,0.3333333333333333
2026-07-25,74,1.0
2026-07-25,75,1.1
2026-07-25,76,0.26666666666666666
2026-07-25,77,1.1666666666666667
2026-07-25,78,0.4
2026-07-25,79,0.5
2026-07-25,80,0.8
2026-07-25,81,0.8666666666666667
2026-07-25,82,0.9666666666666667
2026-07-25,83,1.4
2026-07-25,84,0.6333333333333333
2026-07-25,85,1.0666666666666667
2026-07-25,86,0.8666666666666667
2026-07-25,87,0.5333333333333333
2026-07-25,88,1.0
2026-07-25,89,1.3666666666666667
2026-07-25,90,0.9666666666666667
2026-07-25,91,0.26666666666666666
2026-07-25,92,1.1333333333333333
2026-07-25,93,0.3333333333333333
2026-07-25,94,1.2
2026-07-25,95,0.9333333333333333
2026-07-25,96,0.13333333333333333
2026-07-25,97,0.5666666666666667
2026-07-25,98,0.3333333333333333
2026-07-25,99,0.5666666666666667
2026-07-26,00,0.5
2026-07-26,01,0.8333333333333334
2026-07-26,02,0.6333333333333333
2026-07-26,03,0.3333333333333333
2026-07-26,04,0.23333333333333334
2026-07-26,05,1.5333333333333334
2026-07-26,06,1.2333333333333334
2026-07-26,07,0.23333333333333334
2026-07-26,08,0.6333333333333333
2026-07-26,09,0.9
2026-07-26,10,0.8
2026-07-26,11,1.0333333333333334
2026-07-26,12,0.6333333333333333
2026-07-26,13,1.4333333333333333
2026-07-26,14,0.6
2026-07-26,15,0.0
2026-07-26,16,0.36666666666666664
2026-07-26,17,1.4333333333333333
2026-07-26,18,0.8333333333333334
2026-07-26,19,1.5666666666666667
2026-07-26,20,0.3333333333333333
2026-07-26,21,0.23333333333333334
2026-07-26,22,0.3
2026-07-26,23,0.43333333333333335
2026-07-26,24,0.7
2026-07-26,25,0.26666666666666666
2026-07-26,26,1.1333333333333333
2026-07-26,27,0.6
2026-07-26,28,0.5333333333333333
2026-07-26,29,0.6
2026-07-26,30,0.7666666666666667
2026-07-26,31,0.5666666666666667
2026-07-26,32,0.8333333333333334
2026-07-26,33,1.1
2026-07-26,34,0.8
2026-07-26,35,0.6666666666666666
2026-07-26,36,0.5
2026-07-26,37,1.2
2026-07-26,38,0.8333333333333334
2026-07-26,39,1.3
2026-07-26,40,0.6333333333333333
2026-07-26,41,0.3333333333333333
2026-07-26,42,1.0666666666666667
2026-07-26,43,0.43333333333333335
2026-07-26,44,0.6666666666666666
2026-07-26,45,0.4
2026-07-26,46,1.5333333333333334
2026-07-26,47,0.9
2026-07-26,48,0.4
2026-07-26,49,0.9666666666666667
2026-07-26,50,1.6666666666666667
2026-07-26,51,0.4
2026-07-26,52,0.9
2026-07-26,53,1.7333333333333334
2026-07-26,54,0.9333333333333333
2026-07-26,55,0.2
2026-07-26,56,0.8333333333333334
2026-07-26,57,0.9333333333333333
2026-07-26,58,0.7333333333333333
2026-07-26,59,0.4
2026-07-26,60,1.0
2026-07-26,61,1.1333333333333333
2026-07-26,62,0.8
2026-07-26,63,1.8333333333333333
2026-07-26,64,0.9666666666666667
2026-07-26,65,1.3333333333333333
2026-07-26,66,0.7666666666666667
2026-07-26,67,0.9
2026-07-26,68,1.2333333333333334
2026-07-26,69,0.6
2026-07-26,70,1.2
2026-07-26,71,0.7333333333333333
2026-07-26,72,1.2666666666666666
2026-07-26,73,0.3333333333333333
2026-07-26,74,1.1333333333333333
2026-07-26,75,1.2333333333333334
2026-07-26,76,0.3
2026-07-26,77,1.2
2026-07-26,78,0.5
2026-07-26,79,0.5
2026-07-26,80,0.8333333333333334
2026-07-26,81,0.9666666666666667
2026-07-26,82,1.1
2026-07-26,83,1.5333333333333334
2026-07-26,84,0.7333333333333333
2026-07-26,85,1.1333333333333333
2026-07-26,86,0.9333333333333333
2026-07-26,87,0.5333333333333333
2026-07-26,88,1.1
2026-07-26,89,1.5
2026-07-26,90,1.0
2026-07-26,91,0.3
2026-07-26,92,1.2
2026-07-26,93,0.36666666666666664
2026-07-26,94,1.3
2026-07-26,95,1.0
2026-07-26,96,0.16666666666666666
2026-07-26,97,0.6333333333333333
2026-07-26,98,0.4666666666666667
2026-07-26,99,0.6
2026-07-27,00,0.5
2026-07-27,01,0.8333333333333334
2026-07-27,02,0.7
2026-07-27,03,0.3333333333333333
2026-07-27,04,0.23333333333333334
2026-07-27,05,1.7333333333333334
2026-07-27,06,1.3666666666666667
2026-07-27,07,0.26666666666666666
2026-07-27,08,0.7
2026-07-27,09,1.0
2026-07-27,10,0.9
2026-07-27,11,1.0666666666666667
2026-07-27,12,0.6666666666666666
2026-07-27,13,1.5333333333333334
2026-07-27,14,0.6
2026-07-27,15,0.0
2026-07-27,16,0.4
2026-07-27,17,1.5666666666666667
2026-07-27,18,0.8333333333333334
2026-07-27,19,1.6666666666666667
2026-07-27,20,0.3333333333333333
2026-07-27,21,0.23333333333333334
2026-07-27,22,0.3
2026-07-27,23,0.4666666666666667
2026-07-27,24,0.7666666666666667
2026-07-27,25,0.3333333333333333
2026-07-27,26,1.2
2026-07-27,27,0.6333333333333333
2026-07-27,28,0.5666666666666667
2026-07-27,29,0.7
2026-07-27,30,0.8666666666666667
2026-07-27,31,0.5666666666666667
2026-07-27,32,0.8666666666666667
2026-07-27,33,1.1333333333333333
2026-07-27,34,0.8333333333333334
2026-07-27,35,0.7333333333333333
2026-07-27,36,0.5
2026-07-27,37,1.3
2026-07-27,38,0.9
2026-07-27,39,1.3666666666666667
2026-07-27,40,0.6666666666666666
2026-07-27,41,0.4
2026-07-27,42,1.1666666666666667
2026-07-27,43,0.4666666666666667
2026-07-27,44,0.7
2026-07-27,45,0.5
2026-07-27,46,1.6333333333333333
2026-07-27,47,0.9666666666666667
2026-07-27,48,0.4666666666666667
2026-07-27,49,1.0666666666666667
2026-07-27,50,1.7333333333333334
2026-07-27,51,0.5
2026-07-27,52,1.0333333333333334
2026-07-27,53,1.8666666666666667
2026-07-27,54,1.0666666666666667
2026-07-27,55,0.23333333333333334
2026-07-27,56,0.8333333333333334
2026-07-27,57,0.9666666666666667
2026-07-27,58,0.7666666666666667
2026-07-27,59,0.4
2026-07-27,60,1.0666666666666667
2026-07-27,61,1.2666666666666666
2026-07-27,62,0.9333333333333333
2026-07-27,63,1.9
2026-07-27,64,1.0333333333333334
2026-07-27,65,1.4666666666666666
2026-07-27,66,0.9
2026-07-27,67,1.0
2026-07-27,68,1.3
2026-07-27,69,0.6666666666666666
2026-07-27,70,1.3333333333333333
2026-07-27,71,0.7666666666666667
2026-07-27,72,1.3
2026-07-27,73,0.3333333333333333
2026-07-27,74,1.2333333333333334
2026-07-27,75,1.3666666666666667
2026-07-27,76,0.3333333333333333
2026-07-27,77,1.2
2026-07-27,78,0.6
2026-07-27,79,0.5
2026-07-27,80,0.8666666666666667
2026-07-27,81,1.0666666666666667
2026-07-27,82,1.2333333333333334
2026-07-27,83,1.6
2026-07-27,84,0.8333333333333334
2026-07-27,85,1.2
2026-07-27,86,1.0
2026-07-27,87,0.5666666666666667
2026-07-27,88,1.1666666666666667
2026-07-27,89,1.5333333333333334
2026-07-27,90,1.0666666666666667
2026-07-27,91,0.3333333333333333
2026-07-27,92,1.3
2026-07-27,93,0.4
2026-07-27,94,1.3666666666666667
2026-07-27,95,1.0666666666666667
2026-07-27,96,0.23333333333333334
2026-07-27,97,0.7
2026-07-27,98,0.6
2026-07-27,99,0.6333333333333333
2026-07-28,00,0.5333333333333333
2026-07-28,01,0.8333333333333334
2026-07-28,02,0.8
2026-07-28,03,0.36666666666666664
2026-07-28,04,0.26666666666666666
2026-07-28,05,1.9333333333333333
2026-07-28,06,1.4333333333333333
2026-07-28,07,0.26666666666666666
2026-07-28,08,0.8
2026-07-28,09,1.0666666666666667
2026-07-28,10,1.0
2026-07-28,11,1.1
2026-07-28,12,0.7333333333333333
2026-07-28,13,1.6333333333333333
2026-07-28,14,0.6
2026-07-28,15,0.03333333333333333
2026-07-28,16,0.43333333333333335
2026-07-28,17,1.6666666666666667
2026-07-28,18,0.8333333333333334
2026-07-28,19,1.7666666666666666
2026-07-28,20,0.36666666666666664
2026-07-28,21,0.26666666666666666
2026-07-28,22,0.3
2026-07-28,23,0.5
2026-07-28,24,0.8666666666666667
2026-07-28,25,0.4
2026-07-28,26,1.2333333333333334
2026-07-28,27,0.6666666666666666
2026-07-28,28,0.6
2026-07-28,29,0.8
2026-07-28,30,0.9666666666666667
2026-07-28,31,0.5666666666666667
2026-07-28,32,0.9333333333333333
2026-07-28,33,1.1666666666666667
2026-07-28,34,0.8666666666666667
2026-07-28,35,0.8
2026-07-28,36,0.5333333333333333
2026-07-28,37,1.4
2026-07-28,38,0.9666666666666667
2026-07-28,39,1.4333333333333333
2026-07-28,40,0.7666666666666667
2026-07-28,41,0.4666666666666667
2026-07-28,42,1.2666666666666666
2026-07-28,43,0.5
2026-07-28,44,0.7
2026-07-28,45,0.6
2026-07-28,46,1.7666666666666666
2026-07-28,47,1.0
2026-07-28,48,0.5333333333333333
2026-07-28,49,1.1666666666666667
2026-07-28,50,1.8
2026-07-28,51,0.5333333333333333
2026-07-28,52,1.1666666666666667
2026-07-28,53,1.9333333333333333
2026-07-28,54,1.2
2026-07-28,55,0.26666666666666666
2026-07-28,56,0.8666666666666667
2026-07-28,57,1.0
2026-07-28,58,0.8
2026-07-28,59,0.4
2026-07-28,60,1.1333333333333333
2026-07-28,61,1.4333333333333333
2026-07-28,62,1.0333333333333334
2026-07-28,63,1.9666666666666666
2026-07-28,64,1.1
2026-07-28,65,1.6333333333333333
2026-07-28,66,1.0333333333333334
2026-07-28,67,1.1333333333333333
2026-07-28,68,1.3666666666666667
2026-07-28,69,0.7333333333333333
2026-07-28,70,1.4
2026-07-28,71,0.8
2026-07-28,72,1.3
2026-07-28,73,0.3333333333333333
2026-07-28,74,1.3333333333333333
2026-07-28,75,1.4666666666666666
2026-07-28,76,0.36666666666666664
2026-07-28,77,1.2333333333333334
2026-07-28,78,0.7
2026-07-28,79,0.5
2026-07-28,80,0.9
2026-07-28,81,1.1666666666666667
2026-07-28,82,1.3666666666666667
2026-07-28,83,1.6333333333333333
2026-07-28,84,0.9
2026-07-28,85,1.2666666666666666
2026-07-28,86,1.0666666666666667
2026-07-28,87,0.6
2026-07-28,88,1.1666666666666667
2026-07-28,89,1.5333333333333334
2026-07-28,90,1.2
2026-07-28,91,0.36666666666666664
2026-07-28,92,1.4
2026-07-28,93,0.4666666666666667
2026-07-28,94,1.4
2026-07-28,95,1.1333333333333333
2026-07-28,96,0.3333333333333333
2026-07-28,97,0.7666666666666667
2026-07-28,98,0.7
2026-07-28,99,0.6666666666666666
