draw_date,number,rolling_count
2026-07-14,00,4.0
2026-07-14,01,3.0
2026-07-14,02,1.0
2026-07-14,03,2.0
2026-07-14,04,0.0
2026-07-14,05,4.0
2026-07-14,06,2.0
2026-07-14,07,1.0
2026-07-14,08,1.0
2026-07-14,09,1.0
2026-07-14,10,2.0
2026-07-14,11,1.0
2026-07-14,12,1.0
2026-07-14,13,5.0
2026-07-14,14,1.0
2026-07-14,15,0.0
2026-07-14,16,1.0
2026-07-14,17,3.0
2026-07-14,18,1.0
2026-07-14,19,5.0
2026-07-14,20,4.0
2026-07-14,21,0.0
2026-07-14,22,1.0
2026-07-14,23,2.0
2026-07-14,24,2.0
2026-07-14,25,1.0
2026-07-14,26,3.0
2026-07-14,27,2.0
2026-07-14,28,0.0
2026-07-14,29,0.0
2026-07-14,30,1.0
2026-07-14,31,4.0
2026-07-14,32,2.0
2026-07-14,33,2.0
2026-07-14,34,3.0
2026-07-14,35,0.0
2026-07-14,36,2.0
2026-07-14,37,3.0
2026-07-14,38,0.0
2026-07-14,39,1.0
2026-07-14,40,4.0
2026-07-14,41,2.0
2026-07-14,42,1.0
2026-07-14,43,1.0
2026-07-14,44,0.0
2026-07-14,45,1.0
2026-07-14,46,2.0
2026-07-14,47,1.0
2026-07-14,48,1.0
2026-07-14,49,3.0
2026-07-14,50,4.0
2026-07-14,51,0.0
2026-07-14,52,1.0
2026-07-14,53,2.0
2026-07-14,54,1.0
2026-07-14,55,1.0
2026-07-14,56,2.0
2026-07-14,57,2.0
2026-07-14,58,2.0
2026-07-14,59,1.0
2026-07-14,60,3.0
2026-07-14,61,3.0
2026-07-14,62,3.0
2026-07-14,63,2.0
2026-07-14,64,5.0
2026-07-14,65,2.0
2026-07-14,66,2.0
2026-07-14,67,3.0
2026-07-14,68,3.0
2026-07-14,69,2.0
2026-07-14,70,0.0
2026-07-14,71,2.0
2026-07-14,72,1.0
2026-07-14,73,4.0
2026-07-14,74,2.0
2026-07-14,75,4.0
2026-07-14,76,1.0
2026-07-14,77,1.0
2026-07-14,78,1.0
2026-07-14,79,2.0
2026-07-14,80,3.0
2026-07-14,81,2.0
2026-07-14,82,2.0
2026-07-14,83,2.0
2026-07-14,84,1.0
2026-07-14,85,2.0
2026-07-14,86,1.0
2026-07-14,87,2.0
2026-07-14,88,1.0
2026-07-14,89,4.0
2026-07-14,90,3.0
2026-07-14,91,2.0
2026-07-14,92,3.0
2026-07-14,93,0.0
2026-07-14,94,3.0
2026-07-14,95,1.0
2026-07-14,96,1.0
2026-07-14,97,2.0
2026-07-14,98,1.0
2026-07-14,99,3.0
2026-07-15,00,7.0
2026-07-15,01,6.0
2026-07-15,02,2.0
2026-07-15,03,4.0
2026-07-15,04,0.0
2026-07-15,05,9.0
2026-07-15,06,5.0
2026-07-15,07,1.0
2026-07-15,08,3.0
2026-07-15,09,2.0
2026-07-15,10,4.0
2026-07-15,11,3.0
2026-07-15,12,2.0
2026-07-15,13,10.0
2026-07-15,14,2.0
2026-07-15,15,0.0
2026-07-15,16,2.0
2026-07-15,17,6.0
2026-07-15,18,3.0
2026-07-15,19,11.0
2026-07-15,20,6.0
2026-07-15,21,0.0
2026-07-15,22,2.0
2026-07-15,23,4.0
2026-07-15,24,4.0
2026-07-15,25,2.0
2026-07-15,26,5.0
2026-07-15,27,3.0
2026-07-15,28,0.0
2026-07-15,29,0.0
2026-07-15,30,2.0
2026-07-15,31,8.0
2026-07-15,32,4.0
2026-07-15,33,5.0
2026-07-15,34,6.0
2026-07-15,35,1.0
2026-07-15,36,4.0
2026-07-15,37,5.0
2026-07-15,38,1.0
2026-07-15,39,2.0
2026-07-15,40,8.0
2026-07-15,41,2.0
2026-07-15,42,2.0
2026-07-15,43,2.0
2026-07-15,44,1.0
2026-07-15,45,2.0
2026-07-15,46,4.0
2026-07-15,47,3.0
2026-07-15,48,2.0
2026-07-15,49,6.0
2026-07-15,50,8.0
2026-07-15,51,0.0
2026-07-15,52,2.0
2026-07-15,53,5.0
2026-07-15,54,2.0
2026-07-15,55,2.0
2026-07-15,56,4.0
2026-07-15,57,5.0
2026-07-15,58,4.0
2026-07-15,59,2.0
2026-07-15,60,6.0
2026-07-15,61,6.0
2026-07-15,62,6.0
2026-07-15,63,3.0
2026-07-15,64,10.0
2026-07-15,65,4.0
2026-07-15,66,4.0
2026-07-15,67,5.0
2026-07-15,68,6.0
2026-07-15,69,4.0
2026-07-15,70,1.0
2026-07-15,71,3.0
2026-07-15,72,4.0
2026-07-15,73,7.0
2026-07-15,74,4.0
2026-07-15,75,8.0
2026-07-15,76,2.0
2026-07-15,77,2.0
2026-07-15,78,1.0
2026-07-15,79,3.0
2026-07-15,80,5.0
2026-07-15,81,3.0
2026-07-15,82,4.0
2026-07-15,83,5.0
2026-07-15,84,2.0
2026-07-15,85,5.0
2026-07-15,86,3.0
2026-07-15,87,2.0
2026-07-15,88,2.0
2026-07-15,89,7.0
2026-07-15,90,5.0
2026-07-15,91,4.0
2026-07-15,92,8.0
2026-07-15,93,0.0
2026-07-15,94,6.0
2026-07-15,95,3.0
2026-07-15,96,2.0
2026-07-15,97,4.0
2026-07-15,98,2.0
2026-07-15,99,5.0
2026-07-16,00,9.0
2026-07-16,01,9.0
2026-07-16,02,3.0
2026-07-16,03,6.0
2026-07-16,04,1.0
2026-07-16,05,13.0
2026-07-16,06,8.0
2026-07-16,07,1.0
2026-07-16,08,5.0
2026-07-16,09,3.0
2026-07-16,10,5.0
2026-07-16,11,5.0
2026-07-16,12,3.0
2026-07-16,13,13.0
2026-07-16,14,3.0
2026-07-16,15,0.0
2026-07-16,16,4.0
2026-07-16,17,10.0
2026-07-16,18,5.0
2026-07-16,19,16.0
2026-07-16,20,8.0
2026-07-16,21,0.0
2026-07-16,22,2.0
2026-07-16,23,6.0
2026-07-16,24,5.0
2026-07-16,25,3.0
2026-07-16,26,7.0
2026-07-16,27,4.0
2026-07-16,28,1.0
2026-07-16,29,1.0
2026-07-16,30,3.0
2026-07-16,31,12.0
2026-07-16,32,6.0
2026-07-16,33,9.0
2026-07-16,34,9.0
2026-07-16,35,2.0
2026-07-16,36,6.0
2026-07-16,37,9.0
2026-07-16,38,2.0
2026-07-16,39,3.0
2026-07-16,40,11.0
2026-07-16,41,2.0
2026-07-16,42,3.0
2026-07-16,43,3.0
2026-07-16,44,2.0
2026-07-16,45,3.0
2026-07-16,46,7.0
2026-07-16,47,5.0
2026-07-16,48,3.0
2026-07-16,49,8.0
2026-07-16,50,12.0
2026-07-16,51,0.0
2026-07-16,52,4.0
2026-07-16,53,9.0
2026-07-16,54,3.0
2026-07-16,55,3.0
2026-07-16,56,7.0
2026-07-16,57,8.0
2026-07-16,58,5.0
2026-07-16,59,3.0
2026-07-16,60,9.0
2026-07-16,61,9.0
2026-07-16,62,9.0
2026-07-16,63,6.0
2026-07-16,64,14.0
2026-07-16,65,8.0
2026-07-16,66,7.0
2026-07-16,67,7.0
2026-07-16,68,8.0
2026-07-16,69,5.0
2026-07-16,70,2.0
2026-07-16,71,4.0
2026-07-16,72,7.0
2026-07-16,73,9.0
2026-07-16,74,6.0
2026-07-16,75,12.0
2026-07-16,76,3.0
2026-07-16,77,4.0
2026-07-16,78,1.0
2026-07-16,79,5.0
2026-07-16,80,8.0
2026-07-16,81,4.0
2026-07-16,82,6.0
2026-07-16,83,9.0
2026-07-16,84,2.0
2026-07-16,85,7.0
2026-07-16,86,5.0
2026-07-16,87,3.0
2026-07-16,88,3.0
2026-07-16,89,10.0
2026-07-16,90,7.0
2026-07-16,91,4.0
2026-07-16,92,12.0
2026-07-16,93,0.0
2026-07-16,94,8.0
2026-07-16,95,4.0
2026-07-16,96,3.0
2026-07-16,97,6.0
2026-07-16,98,3.0
2026-07-16,99,7.0
2026-07-17,00,11.0
2026-07-17,01,12.0
2026-07-17,02,5.0
2026-07-17,03,8.0
2026-07-17,04,2.0
2026-07-17,05,17.0
2026-07-17,06,11.0
2026-07-17,07,1.0
2026-07-17,08,7.0
2026-07-17,09,4.0
2026-07-17,10,7.0
2026-07-17,11,8.0
2026-07-17,12,4.0
2026-07-17,13,16.0
2026-07-17,14,4.0
2026-07-17,15,0.0
2026-07-17,16,5.0
2026-07-17,17,14.0
2026-07-17,18,7.0
2026-07-17,19,20.0
2026-07-17,20,9.0
2026-07-17,21,0.0
2026-07-17,22,2.0
2026-07-17,23,8.0
2026-07-17,24,7.0
2026-07-17,25,4.0
2026-07-17,26,10.0
2026-07-17,27,5.0
2026-07-17,28,2.0
2026-07-17,29,3.0
2026-07-17,30,4.0
2026-07-17,31,15.0
2026-07-17,32,8.0
2026-07-17,33,13.0
2026-07-17,34,11.0
2026-07-17,35,4.0
2026-07-17,36,7.0
2026-07-17,37,12.0
2026-07-17,38,3.0
2026-07-17,39,6.0
2026-07-17,40,14.0
2026-07-17,41,2.0
2026-07-17,42,4.0
2026-07-17,43,3.0
2026-07-17,44,3.0
2026-07-17,45,3.0
2026-07-17,46,11.0
2026-07-17,47,8.0
2026-07-17,48,4.0
2026-07-17,49,10.0
2026-07-17,50,16.0
2026-07-17,51,0.0
2026-07-17,52,6.0
2026-07-17,53,12.0
2026-07-17,54,3.0
2026-07-17,55,4.0
2026-07-17,56,10.0
2026-07-17,57,11.0
2026-07-17,58,7.0
2026-07-17,59,5.0
2026-07-17,60,11.0
2026-07-17,61,11.0
2026-07-17,62,11.0
2026-07-17,63,9.0
2026-07-17,64,18.0
2026-07-17,65,13.0
2026-07-17,66,9.0
2026-07-17,67,8.0
2026-07-17,68,10.0
2026-07-17,69,7.0
2026-07-17,70,4.0
2026-07-17,71,5.0
2026-07-17,72,10.0
2026-07-17,73,10.0
2026-07-17,74,8.0
2026-07-17,75,16.0
2026-07-17,76,4.0
2026-07-17,77,8.0
2026-07-17,78,1.0
2026-07-17,79,7.0
2026-07-17,80,11.0
2026-07-17,81,4.0
2026-07-17,82,7.0
2026-07-17,83,12.0
2026-07-17,84,2.0
2026-07-17,85,10.0
2026-07-17,86,7.0
2026-07-17,87,4.0
2026-07-17,88,4.0
2026-07-17,89,13.0
2026-07-17,90,9.0
2026-07-17,91,4.0
2026-07-17,92,16.0
2026-07-17,93,1.0
2026-07-17,94,11.0
2026-07-17,95,5.0
2026-07-17,96,3.0
2026-07-17,97,8.0
2026-07-17,98,4.0
2026-07-17,99,9.0
2026-07-18,00,12.0
2026-07-18,01,14.0
2026-07-18,02,7.0
2026-07-18,03,9.0
2026-07-18,04,3.0
2026-07-18,05,21.0
2026-07-18,06,13.0
2026-07-18,07,1.0
2026-07-18,08,9.0
2026-07-18,09,6.0
2026-07-18,10,9.0
2026-07-18,11,11.0
2026-07-18,12,6.0
2026-07-18,13,19.0
2026-07-18,14,4.0
2026-07-18,15,0.0
2026-07-18,16,6.0
2026-07-18,17,18.0
2026-07-18,18,9.0
2026-07-18,19,25.0
2026-07-18,20,10.0
2026-07-18,21,1.0
2026-07-18,22,3.0
2026-07-18,23,9.0
2026-07-18,24,9.0
2026-07-18,25,4.0
2026-07-18,26,11.0
2026-07-18,27,6.0
2026-07-18,28,3.0
2026-07-18,29,5.0
2026-07-18,30,6.0
2026-07-18,31,16.0
2026-07-18,32,11.0
2026-07-18,33,17.0
2026-07-18,34,14.0
2026-07-18,35,6.0
2026-07-18,36,8.0
2026-07-18,37,15.0
2026-07-18,38,4.0
2026-07-18,39,9.0
2026-07-18,40,16.0
2026-07-18,41,2.0
2026-07-18,42,7.0
2026-07-18,43,3.0
2026-07-18,44,4.0
2026-07-18,45,3.0
2026-07-18,46,17.0
2026-07-18,47,11.0
2026-07-18,48,5.0
2026-07-18,49,12.0
2026-07-18,50,20.0
2026-07-18,51,0.0
2026-07-18,52,8.0
2026-07-18,53,16.0
2026-07-18,54,4.0
2026-07-18,55,5.0
2026-07-18,56,13.0
2026-07-18,57,13.0
2026-07-18,58,9.0
2026-07-18,59,7.0
2026-07-18,60,13.0
2026-07-18,61,13.0
2026-07-18,62,13.0
2026-07-18,63,12.0
2026-07-18,64,22.0
2026-07-18,65,17.0
2026-07-18,66,11.0
2026-07-18,67,9.0
2026-07-18,68,13.0
2026-07-18,69,9.0
2026-07-18,70,6.0
2026-07-18,71,7.0
2026-07-18,72,13.0
2026-07-18,73,10.0
2026-07-18,74,9.0
2026-07-18,75,19.0
2026-07-18,76,5.0
2026-07-18,77,12.0
2026-07-18,78,1.0
2026-07-18,79,9.0
2026-07-18,80,14.0
2026-07-18,81,4.0
2026-07-18,82,8.0
2026-07-18,83,14.0
2026-07-18,84,3.0
2026-07-18,85,14.0
2026-07-18,86,10.0
2026-07-18,87,5.0
2026-07-18,88,5.0
2026-07-18,89,15.0
2026-07-18,90,11.0
2026-07-18,91,4.0
2026-07-18,92,20.0
2026-07-18,93,2.0
2026-07-18,94,14.0
2026-07-18,95,7.0
2026-07-18,96,3.0
2026-07-18,97,10.0
2026-07-18,98,4.0
2026-07-18,99,11.0
2026-07-19,00,13.0
2026-07-19,01,16.0
2026-07-19,02,9.0
2026-07-19,03,10.0
2026-07-19,04,4.0
2026-07-19,05,25.0
2026-07-19,06,14.0
2026-07-19,07,1.0
2026-07-19,08,10.0
2026-07-19,09,8.0
2026-07-19,10,11.0
2026-07-19,11,14.0
2026-07-19,12,8.0
2026-07-19,13,22.0
2026-07-19,14,5.0
2026-07-19,15,0.0
2026-07-19,16,7.0
2026-07-19,17,21.0
2026-07-19,18,11.0
2026-07-19,19,29.0
2026-07-19,20,10.0
2026-07-19,21,2.0
2026-07-19,22,4.0
2026-07-19,23,9.0
2026-07-19,24,11.0
2026-07-19,25,4.0
2026-07-19,26,13.0
2026-07-19,27,7.0
2026-07-19,28,4.0
2026-07-19,29,7.0
2026-07-19,30,8.0
2026-07-19,31,17.0
2026-07-19,32,14.0
2026-07-19,33,21.0
2026-07-19,34,15.0
2026-07-19,35,8.0
2026-07-19,36,8.0
2026-07-19,37,17.0
2026-07-19,38,7.0
2026-07-19,39,12.0
2026-07-19,40,16.0
2026-07-19,41,3.0
2026-07-19,42,11.0
2026-07-19,43,4.0
2026-07-19,44,5.0
2026-07-19,45,3.0
2026-07-19,46,23.0
2026-07-19,47,14.0
2026-07-19,48,6.0
2026-07-19,49,14.0
2026-07-19,50,24.0
2026-07-19,51,0.0
2026-07-19,52,10.0
2026-07-19,53,21.0
2026-07-19,54,5.0
2026-07-19,55,6.0
2026-07-19,56,15.0
2026-07-19,57,16.0
2026-07-19,58,11.0
2026-07-19,59,8.0
2026-07-19,60,15.0
2026-07-19,61,15.0
2026-07-19,62,13.0
2026-07-19,63,17.0
2026-07-19,64,25.0
2026-07-19,65,20.0
2026-07-19,66,13.0
2026-07-19,67,10.0
2026-07-19,68,17.0
2026-07-19,69,10.0
2026-07-19,70,8.0
2026-07-19,71,9.0
2026-07-19,72,16.0
2026-07-19,73,10.0
2026-07-19,74,10.0
2026-07-19,75,22.0
2026-07-19,76,6.0
2026-07-19,77,16.0
2026-07-19,78,2.0
2026-07-19,79,11.0
2026-07-19,80,17.0
2026-07-19,81,6.0
2026-07-19,82,10.0
2026-07-19,83,16.0
2026-07-19,84,4.0
2026-07-19,85,18.0
2026-07-19,86,13.0
2026-07-19,87,7.0
2026-07-19,88,7.0
2026-07-19,89,17.0
2026-07-19,90,14.0
2026-07-19,91,4.0
2026-07-19,92,24.0
2026-07-19,93,3.0
2026-07-19,94,16.0
2026-07-19,95,10.0
2026-07-19,96,3.0
2026-07-19,97,12.0
2026-07-19,98,4.0
2026-07-19,99,13.0
2026-07-20,00,14.0
2026-07-20,01,18.0
2026-07-20,02,11.0
2026-07-20,03,10.0
2026-07-20,04,5.0
2026-07-20,05,28.0
2026-07-20,06,15.0
2026-07-20,07,1.0
2026-07-20,08,11.0
2026-07-20,09,10.0
2026-07-20,10,13.0
2026-07-20,11,17.0
2026-07-20,12,10.0
2026-07-20,13,24.0
2026-07-20,14,7.0
2026-07-20,15,0.0
2026-07-20,16,8.0
2026-07-20,17,24.0
2026-07-20,18,14.0
2026-07-20,19,33.0
2026-07-20,20,10.0
2026-07-20,21,3.0
2026-07-20,22,5.0
2026-07-20,23,9.0
2026-07-20,24,12.0
2026-07-20,25,4.0
2026-07-20,26,15.0
2026-07-20,27,9.0
2026-07-20,28,6.0
2026-07-20,29,9.0
2026-07-20,30,9.0
2026-07-20,31,17.0
2026-07-20,32,16.0
2026-07-20,33,25.0
2026-07-20,34,16.0
2026-07-20,35,10.0
2026-07-20,36,9.0
2026-07-20,37,20.0
2026-07-20,38,10.0
2026-07-20,39,17.0
2026-07-20,40,16.0
2026-07-20,41,4.0
2026-07-20,42,14.0
2026-07-20,43,5.0
2026-07-20,44,7.0
2026-07-20,45,3.0
2026-07-20,46,29.0
2026-07-20,47,17.0
2026-07-20,48,7.0
2026-07-20,49,16.0
2026-07-20,50,28.0
2026-07-20,51,0.0
2026-07-20,52,12.0
2026-07-20,53,25.0
2026-07-20,54,6.0
2026-07-20,55,6.0
2026-07-20,56,17.0
2026-07-20,57,19.0
2026-07-20,58,13.0
2026-07-20,59,9.0
2026-07-20,60,17.0
2026-07-20,61,17.0
2026-07-20,62,13.0
2026-07-20,63,23.0
2026-07-20,64,26.0
2026-07-20,65,23.0
2026-07-20,66,15.0
2026-07-20,67,11.0
2026-07-20,68,20.0
2026-07-20,69,11.0
2026-07-20,70,11.0
2026-07-20,71,11.0
2026-07-20,72,20.0
2026-07-20,73,10.0
2026-07-20,74,13.0
2026-07-20,75,24.0
2026-07-20,76,6.0
2026-07-20,77,21.0
2026-07-20,78,3.0
2026-07-20,79,13.0
2026-07-20,80,19.0
2026-07-20,81,8.0
2026-07-20,82,12.0
2026-07-20,83,20.0
2026-07-20,84,5.0
2026-07-20,85,21.0
2026-07-20,86,16.0
2026-07-20,87,9.0
2026-07-20,88,10.0
2026-07-20,89,21.0
2026-07-20,90,17.0
2026-07-20,91,4.0
2026-07-20,92,27.0
2026-07-20,93,4.0
2026-07-20,94,19.0
2026-07-20,95,13.0
2026-07-20,96,3.0
2026-07-20,97,12.0
2026-07-20,98,4.0
2026-07-20,99,14.0
2026-07-21,00,15.0
2026-07-21,01,20.0
2026-07-21,02,13.0
2026-07-21,03,10.0
2026-07-21,04,6.0
2026-07-21,05,30.0
2026-07-21,06,18.0
2026-07-21,07,2.0
2026-07-21,08,12.0
2026-07-21,09,13.0
2026-07-21,10,14.0
2026-07-21,11,20.0
2026-07-21,12,11.0
2026-07-21,13,26.0
2026-07-21,14,9.0
2026-07-21,15,0.0
2026-07-21,16,9.0
2026-07-21,17,26.0
2026-07-21,18,17.0
2026-07-21,19,36.0
2026-07-21,20,10.0
2026-07-21,21,4.0
2026-07-21,22,6.0
2026-07-21,23,9.0
2026-07-21,24,13.0
2026-07-21,25,4.0
2026-07-21,26,18.0
2026-07-21,27,11.0
2026-07-21,28,8.0
2026-07-21,29,11.0
2026-07-21,30,10.0
2026-07-21,31,17.0
2026-07-21,32,18.0
2026-07-21,33,28.0
2026-07-21,34,17.0
2026-07-21,35,12.0
2026-07-21,36,10.0
2026-07-21,37,23.0
2026-07-21,38,13.0
2026-07-21,39,21.0
2026-07-21,40,16.0
2026-07-21,41,5.0
2026-07-21,42,17.0
2026-07-21,43,6.0
2026-07-21,44,10.0
2026-07-21,45,3.0
2026-07-21,46,34.0
2026-07-21,47,20.0
2026-07-21,48,7.0
2026-07-21,49,17.0
2026-07-21,50,32.0
2026-07-21,51,2.0
2026-07-21,52,14.0
2026-07-21,53,31.0
2026-07-21,54,7.0
2026-07-21,55,6.0
2026-07-21,56,19.0
2026-07-21,57,21.0
2026-07-21,58,15.0
2026-07-21,59,10.0
2026-07-21,60,19.0
2026-07-21,61,19.0
2026-07-21,62,14.0
2026-07-21,63,30.0
2026-07-21,64,26.0
2026-07-21,65,26.0
2026-07-21,66,16.0
2026-07-21,67,12.0
2026-07-21,68,22.0
2026-07-21,69,12.0
2026-07-21,70,16.0
2026-07-21,71,13.0
2026-07-21,72,25.0
2026-07-21,73,10.0
2026-07-21,74,16.0
2026-07-21,75,25.0
2026-07-21,76,6.0
2026-07-21,77,26.0
2026-07-21,78,4.0
2026-07-21,79,14.0
2026-07-21,80,21.0
2026-07-21,81,10.0
2026-07-21,82,13.0
2026-07-21,83,25.0
2026-07-21,84,7.0
2026-07-21,85,24.0
2026-07-21,86,18.0
2026-07-21,87,11.0
2026-07-21,88,14.0
2026-07-21,89,25.0
2026-07-21,90,19.0
2026-07-21,91,4.0
2026-07-21,92,29.0
2026-07-21,93,5.0
2026-07-21,94,23.0
2026-07-21,95,16.0
2026-07-21,96,3.0
2026-07-21,97,13.0
2026-07-21,98,5.0
2026-07-21,99,14.0
2026-07-22,00,15.0
2026-07-22,01,21.0
2026-07-22,02,15.0
2026-07-22,03,10.0
2026-07-22,04,7.0
2026-07-22,05,32.0
2026-07-22,06,21.0
2026-07-22,07,3.0
2026-07-22,08,12.0
2026-07-22,09,16.0
2026-07-22,10,16.0
2026-07-22,11,23.0
2026-07-22,12,13.0
2026-07-22,13,30.0
2026-07-22,14,11.0
2026-07-22,15,0.0
2026-07-22,16,10.0
2026-07-22,17,28.0
2026-07-22,18,19.0
2026-07-22,19,38.0
2026-07-22,20,10.0
2026-07-22,21,5.0
2026-07-22,22,7.0
2026-07-22,23,9.0
2026-07-22,24,14.0
2026-07-22,25,4.0
2026-07-22,26,22.0
2026-07-22,27,13.0
2026-07-22,28,10.0
2026-07-22,29,13.0
2026-07-22,30,13.0
2026-07-22,31,17.0
2026-07-22,32,20.0
2026-07-22,33,30.0
2026-07-22,34,18.0
2026-07-22,35,13.0
2026-07-22,36,11.0
2026-07-22,37,26.0
2026-07-22,38,15.0
2026-07-22,39,25.0
2026-07-22,40,16.0
2026-07-22,41,6.0
2026-07-22,42,21.0
2026-07-22,43,7.0
2026-07-22,44,12.0
2026-07-22,45,4.0
2026-07-22,46,39.0
2026-07-22,47,22.0
2026-07-22,48,7.0
2026-07-22,49,20.0
2026-07-22,50,36.0
2026-07-22,51,4.0
2026-07-22,52,17.0
2026-07-22,53,36.0
2026-07-22,54,10.0
2026-07-22,55,6.0
2026-07-22,56,21.0
2026-07-22,57,22.0
2026-07-22,58,17.0
2026-07-22,59,11.0
2026-07-22,60,21.0
2026-07-22,61,22.0
2026-07-22,62,15.0
2026-07-22,63,37.0
2026-07-22,64,26.0
2026-07-22,65,29.0
2026-07-22,66,17.0
2026-07-22,67,13.0
2026-07-22,68,25.0
2026-07-22,69,13.0
2026-07-22,70,20.0
2026-07-22,71,15.0
2026-07-22,72,28.0
2026-07-22,73,10.0
2026-07-22,74,19.0
2026-07-22,75,26.0
2026-07-22,76,6.0
2026-07-22,77,30.0
2026-07-22,78,5.0
2026-07-22,79,15.0
2026-07-22,80,22.0
2026-07-22,81,13.0
2026-07-22,82,15.0
2026-07-22,83,30.0
2026-07-22,84,10.0
2026-07-22,85,26.0
2026-07-22,86,20.0
2026-07-22,87,13.0
2026-07-22,88,18.0
2026-07-22,89,29.0
2026-07-22,90,21.0
2026-07-22,91,5.0
2026-07-22,92,30.0
2026-07-22,93,6.0
2026-07-22,94,27.0
2026-07-22,95,18.0
2026-07-22,96,3.0
2026-07-22,97,14.0
2026-07-22,98,6.0
2026-07-22,99,14.0
2026-07-23,00,15.0
2026-07-23,01,22.0
2026-07-23,02,17.0
2026-07-23,03,10.0
2026-07-23,04,7.0
2026-07-23,05,34.0
2026-07-23,06,25.0
2026-07-23,07,4.0
2026-07-23,08,13.0
2026-07-23,09,19.0
2026-07-23,10,18.0
2026-07-23,11,26.0
2026-07-23,12,15.0
2026-07-23,13,34.0
2026-07-23,14,13.0
2026-07-23,15,0.0
2026-07-23,16,10.0
2026-07-23,17,31.0
2026-07-23,18,21.0
2026-07-23,19,40.0
2026-07-23,20,10.0
2026-07-23,21,6.0
2026-07-23,22,8.0
2026-07-23,23,10.0
2026-07-23,24,15.0
2026-07-23,25,4.0
2026-07-23,26,26.0
2026-07-23,27,15.0
2026-07-23,28,11.0
2026-07-23,29,14.0
2026-07-23,30,16.0
2026-07-23,31,17.0
2026-07-23,32,22.0
2026-07-23,33,31.0
2026-07-23,34,20.0
2026-07-23,35,15.0
2026-07-23,36,12.0
2026-07-23,37,27.0
2026-07-23,38,17.0
2026-07-23,39,30.0
2026-07-23,40,16.0
2026-07-23,41,7.0
2026-07-23,42,25.0
2026-07-23,43,8.0
2026-07-23,44,14.0
2026-07-23,45,5.0
2026-07-23,46,42.0
2026-07-23,47,24.0
2026-07-23,48,8.0
2026-07-23,49,22.0
2026-07-23,50,40.0
2026-07-23,51,6.0
2026-07-23,52,20.0
2026-07-23,53,40.0
2026-07-23,54,15.0
2026-07-23,55,6.0
2026-07-23,56,22.0
2026-07-23,57,23.0
2026-07-23,58,19.0
2026-07-23,59,12.0
2026-07-23,60,23.0
2026-07-23,61,25.0
2026-07-23,62,16.0
2026-07-23,63,42.0
2026-07-23,64,26.0
2026-07-23,65,31.0
2026-07-23,66,18.0
2026-07-23,67,16.0
2026-07-23,68,28.0
2026-07-23,69,14.0
2026-07-23,70,24.0
2026-07-23,71,17.0
2026-07-23,72,31.0
2026-07-23,73,10.0
2026-07-23,74,22.0
2026-07-23,75,28.0
2026-07-23,76,6.0
2026-07-23,77,33.0
2026-07-23,78,6.0
2026-07-23,79,15.0
2026-07-23,80,22.0
2026-07-23,81,17.0
2026-07-23,82,19.0
2026-07-23,83,34.0
2026-07-23,84,13.0
2026-07-23,85,28.0
2026-07-23,86,22.0
2026-07-23,87,14.0
2026-07-23,88,22.0
2026-07-23,89,33.0
2026-07-23,90,24.0
2026-07-23,91,6.0
2026-07-23,92,31.0
2026-07-23,93,8.0
2026-07-23,94,31.0
2026-07-23,95,21.0
2026-07-23,96,3.0
2026-07-23,97,15.0
2026-07-23,98,7.0
2026-07-23,99,15.0
2026-07-24,00,15.0
2026-07-24,01,23.0
2026-07-24,02,17.0
2026-07-24,03,10.0
2026-07-24,04,7.0
2026-07-24,05,36.0
2026-07-24,06,29.0
2026-07-24,07,5.0
2026-07-24,08,15.0
2026-07-24,09,22.0
2026-07-24,10,19.0
2026-07-24,11,28.0
2026-07-24,12,17.0
2026-07-24,13,37.0
2026-07-24,14,15.0
2026-07-24,15,0.0
2026-07-24,16,10.0
2026-07-24,17,35.0
2026-07-24,18,23.0
2026-07-24,19,42.0
2026-07-24,20,10.0
2026-07-24,21,7.0
2026-07-24,22,9.0
2026-07-24,23,11.0
2026-07-24,24,17.0
2026-07-24,25,5.0
2026-07-24,26,29.0
2026-07-24,27,16.0
2026-07-24,28,12.0
2026-07-24,29,14.0
2026-07-24,30,19.0
2026-07-24,31,17.0
2026-07-24,32,24.0
2026-07-24,33,32.0
2026-07-24,34,22.0
2026-07-24,35,16.0
2026-07-24,36,13.0
2026-07-24,37,29.0
2026-07-24,38,20.0
2026-07-24,39,33.0
2026-07-24,40,17.0
2026-07-24,41,8.0
2026-07-24,42,29.0
2026-07-24,43,10.0
2026-07-24,44,16.0
2026-07-24,45,7.0
2026-07-24,46,44.0
2026-07-24,47,25.0
2026-07-24,48,9.0
2026-07-24,49,24.0
2026-07-24,50,44.0
2026-07-24,51,8.0
2026-07-24,52,23.0
2026-07-24,53,45.0
2026-07-24,54,20.0
2026-07-24,55,6.0
2026-07-24,56,23.0
2026-07-24,57,25.0
2026-07-24,58,20.0
2026-07-24,59,12.0
2026-07-24,60,25.0
2026-07-24,61,28.0
2026-07-24,62,18.0
2026-07-24,63,47.0
2026-07-24,64,27.0
2026-07-24,65,34.0
2026-07-24,66,19.0
2026-07-24,67,19.0
2026-07-24,68,32.0
2026-07-24,69,14.0
2026-07-24,70,28.0
2026-07-24,71,19.0
2026-07-24,72,34.0
2026-07-24,73,10.0
2026-07-24,74,26.0
2026-07-24,75,30.0
2026-07-24,76,7.0
2026-07-24,77,34.0
2026-07-24,78,8.0
2026-07-24,79,15.0
2026-07-24,80,23.0
2026-07-24,81,21.0
2026-07-24,82,24.0
2026-07-24,83,38.0
2026-07-24,84,16.0
2026-07-24,85,30.0
2026-07-24,86,24.0
2026-07-24,87,15.0
2026-07-24,88,26.0
2026-07-24,89,37.0
2026-07-24,90,27.0
2026-07-24,91,7.0
2026-07-24,92,32.0
2026-07-24,93,9.0
2026-07-24,94,33.0
2026-07-24,95,25.0
2026-07-24,96,3.0
2026-07-24,97,16.0
2026-07-24,98,8.0
2026-07-24,99,16.0
2026-07-25,00,15.0
2026-07-25,01,24.0
2026-07-25,02,18.0
2026-07-25,03,10.0
2026-07-25,04,7.0
2026-07-25,05,40.0
2026-07-25,06,33.0
2026-07-25,07,6.0
2026-07-25,08,17.0
2026-07-25,09,24.0
2026-07-25,10,21.0
2026-07-25,11,30.0
2026-07-25,12,18.0
2026-07-25,13,40.0
2026-07-25,14,17.0
2026-07-25,15,0.0
2026-07-25,16,10.0
2026-07-25,17,39.0
2026-07-25,18,24.0
2026-07-25,19,44.0
2026-07-25,20,10.0
2026-07-25,21,7.0
2026-07-25,22,9.0
2026-07-25,23,12.0
2026-07-25,24,19.0
2026-07-25,25,6.0
2026-07-25,26,32.0
2026-07-25,27,17.0
2026-07-25,28,14.0
2026-07-25,29,16.0
2026-07-25,30,21.0
2026-07-25,31,17.0
2026-07-25,32,24.0
2026-07-25,33,33.0
2026-07-25,34,23.0
2026-07-25,35,18.0
2026-07-25,36,14.0
2026-07-25,37,32.0
2026-07-25,38,23.0
2026-07-25,39,36.0
2026-07-25,40,18.0
2026-07-25,41,9.0
2026-07-25,42,31.0
2026-07-25,43,12.0
2026-07-25,44,18.0
2026-07-25,45,9.0
2026-07-25,46,44.0
2026-07-25,47,26.0
2026-07-25,48,10.0
2026-07-25,49,26.0
2026-07-25,50,47.0
2026-07-25,51,10.0
2026-07-25,52,25.0
2026-07-25,53,49.0
2026-07-25,54,24.0
2026-07-25,55,6.0
2026-07-25,56,24.0
2026-07-25,57,27.0
2026-07-25,58,21.0
2026-07-25,59,12.0
2026-07-25,60,27.0
2026-07-25,61,31.0
2026-07-25,62,20.0
2026-07-25,63,52.0
2026-07-25,64,28.0
2026-07-25,65,37.0
2026-07-25,66,21.0
2026-07-25,67,23.0
2026-07-25,68,35.0
2026-07-25,69,16.0
2026-07-25,70,32.0
2026-07-25,71,21.0
2026-07-25,72,36.0
2026-07-25,73,10.0
2026-07-25,74,30.0
2026-07-25,75,33.0
2026-07-25,76,8.0
2026-07-25,77,35.0
2026-07-25,78,12.0
2026-07-25,79,15.0
2026-07-25,80,24.0
2026-07-25,81,26.0
2026-07-25,82,29.0
2026-07-25,83,42.0
2026-07-25,84,19.0
2026-07-25,85,32.0
2026-07-25,86,26.0
2026-07-25,87,16.0
2026-07-25,88,30.0
2026-07-25,89,41.0
2026-07-25,90,29.0
2026-07-25,91,8.0
2026-07-25,92,34.0
2026-07-25,93,10.0
2026-07-25,94,36.0
2026-07-25,95,28.0
2026-07-25,96,4.0
2026-07-25,97,17.0
2026-07-25,98,10.0
2026-07-25,99,17.0
2026-07-26,00,15.0
2026-07-26,01,25.0
2026-07-26,02,19.0
2026-07-26,03,10.0
2026-07-26,04,7.0
2026-07-26,05,46.0
2026-07-26,06,37.0
2026-07-26,07,7.0
2026-07-26,08,19.0
2026-07-26,09,27.0
2026-07-26,10,24.0
2026-07-26,11,31.0
2026-07-26,12,19.0
2026-07-26,13,43.0
2026-07-26,14,18.0
2026-07-26,15,0.0
2026-07-26,16,11.0
2026-07-26,17,43.0
2026-07-26,18,25.0
2026-07-26,19,47.0
2026-07-26,20,10.0
2026-07-26,21,7.0
2026-07-26,22,9.0
2026-07-26,23,13.0
2026-07-26,24,21.0
2026-07-26,25,8.0
2026-07-26,26,34.0
2026-07-26,27,18.0
2026-07-26,28,16.0
2026-07-26,29,18.0
2026-07-26,30,23.0
2026-07-26,31,17.0
2026-07-26,32,25.0
2026-07-26,33,33.0
2026-07-26,34,24.0
2026-07-26,35,20.0
2026-07-26,36,15.0
2026-07-26,37,36.0
2026-07-26,38,25.0
2026-07-26,39,39.0
2026-07-26,40,19.0
2026-07-26,41,10.0
2026-07-26,42,32.0
2026-07-26,43,13.0
2026-07-26,44,20.0
2026-07-26,45,12.0
2026-07-26,46,46.0
2026-07-26,47,27.0
2026-07-26,48,12.0
2026-07-26,49,29.0
2026-07-26,50,50.0
2026-07-26,51,12.0
2026-07-26,52,27.0
2026-07-26,53,52.0
2026-07-26,54,28.0
2026-07-26,55,6.0
2026-07-26,56,25.0
2026-07-26,57,28.0
2026-07-26,58,22.0
2026-07-26,59,12.0
2026-07-26,60,30.0
2026-07-26,61,34.0
2026-07-26,62,24.0
2026-07-26,63,55.0
2026-07-26,64,29.0
2026-07-26,65,40.0
2026-07-26,66,23.0
2026-07-26,67,27.0
2026-07-26,68,37.0
2026-07-26,69,18.0
2026-07-26,70,36.0
2026-07-26,71,22.0
2026-07-26,72,38.0
2026-07-26,73,10.0
2026-07-26,74,34.0
2026-07-26,75,37.0
2026-07-26,76,9.0
2026-07-26,77,36.0
2026-07-26,78,15.0
2026-07-26,79,15.0
2026-07-26,80,25.0
2026-07-26,81,29.0
2026-07-26,82,33.0
2026-07-26,83,46.0
2026-07-26,84,22.0
2026-07-26,85,34.0
2026-07-26,86,28.0
2026-07-26,87,16.0
2026-07-26,88,33.0
2026-07-26,89,45.0
2026-07-26,90,30.0
2026-07-26,91,9.0
2026-07-26,92,36.0
2026-07-26,93,11.0
2026-07-26,94,39.0
2026-07-26,95,30.0
2026-07-26,96,5.0
2026-07-26,97,19.0
2026-07-26,98,14.0
2026-07-26,99,18.0
2026-07-27,00,15.0
2026-07-27,01,25.0
2026-07-27,02,21.0
2026-07-27,03,10.0
2026-07-27,04,7.0
2026-07-27,05,52.0
2026-07-27,06,41.0
2026-07-27,07,8.0
2026-07-27,08,21.0
2026-07-27,09,30.0
2026-07-27,10,27.0
2026-07-27,11,32.0
2026-07-27,12,20.0
2026-07-27,13,46.0
2026-07-27,14,18.0
2026-07-27,15,0.0
2026-07-27,16,12.0
2026-07-27,17,47.0
2026-07-27,18,25.0
2026-07-27,19,50.0
2026-07-27,20,10.0
2026-07-27,21,7.0
2026-07-27,22,9.0
2026-07-27,23,14.0
2026-07-27,24,23.0
2026-07-27,25,10.0
2026-07-27,26,36.0
2026-07-27,27,19.0
2026-07-27,28,17.0
2026-07-27,29,21.0
2026-07-27,30,26.0
2026-07-27,31,17.0
2026-07-27,32,26.0
2026-07-27,33,34.0
2026-07-27,34,25.0
2026-07-27,35,22.0
2026-07-27,36,15.0
2026-07-27,37,39.0
2026-07-27,38,27.0
2026-07-27,39,41.0
2026-07-27,40,20.0
2026-07-27,41,12.0
2026-07-27,42,35.0
2026-07-27,43,14.0
2026-07-27,44,21.0
2026-07-27,45,15.0
2026-07-27,46,49.0
2026-07-27,47,29.0
2026-07-27,48,14.0
2026-07-27,49,32.0
2026-07-27,50,52.0
2026-07-27,51,15.0
2026-07-27,52,31.0
2026-07-27,53,56.0
2026-07-27,54,32.0
2026-07-27,55,7.0
2026-07-27,56,25.0
2026-07-27,57,29.0
2026-07-27,58,23.0
2026-07-27,59,12.0
2026-07-27,60,32.0
2026-07-27,61,38.0
2026-07-27,62,28.0
2026-07-27,63,57.0
2026-07-27,64,31.0
2026-07-27,65,44.0
2026-07-27,66,27.0
2026-07-27,67,30.0
2026-07-27,68,39.0
2026-07-27,69,20.0
2026-07-27,70,40.0
2026-07-27,71,23.0
2026-07-27,72,39.0
2026-07-27,73,10.0
2026-07-27,74,37.0
2026-07-27,75,41.0
2026-07-27,76,10.0
2026-07-27,77,36.0
2026-07-27,78,18.0
2026-07-27,79,15.0
2026-07-27,80,26.0
2026-07-27,81,32.0
2026-07-27,82,37.0
2026-07-27,83,48.0
2026-07-27,84,25.0
2026-07-27,85,36.0
2026-07-27,86,30.0
2026-07-27,87,17.0
2026-07-27,88,35.0
2026-07-27,89,46.0
2026-07-27,90,32.0
2026-07-27,91,10.0
2026-07-27,92,39.0
2026-07-27,93,12.0
2026-07-27,94,41.0
2026-07-27,95,32.0
2026-07-27,96,7.0
2026-07-27,97,21.0
2026-07-27,98,18.0
2026-07-27,99,19.0
2026-07-28,00,16.0
2026-07-28,01,25.0
2026-07-28,02,24.0
2026-07-28,03,11.0
2026-07-28,04,8.0
2026-07-28,05,58.0
2026-07-28,06,43.0
2026-07-28,07,8.0
2026-07-28,08,24.0
2026-07-28,09,32.0
2026-07-28,10,30.0
2026-07-28,11,33.0
2026-07-28,12,22.0
2026-07-28,13,49.0
2026-07-28,14,18.0
2026-07-28,15,1.0
2026-07-28,16,13.0
2026-07-28,17,50.0
2026-07-28,18,25.0
2026-07-28,19,53.0
2026-07-28,20,11.0
2026-07-28,21,8.0
2026-07-28,22,9.0
2026-07-28,23,15.0
2026-07-28,24,26.0
2026-07-28,25,12.0
2026-07-28,26,37.0
2026-07-28,27,20.0
2026-07-28,28,18.0
2026-07-28,29,24.0
2026-07-28,30,29.0
2026-07-28,31,17.0
2026-07-28,32,28.0
2026-07-28,33,35.0
2026-07-28,34,26.0
2026-07-28,35,24.0
2026-07-28,36,16.0
2026-07-28,37,42.0
2026-07-28,38,29.0
2026-07-28,39,43.0
2026-07-28,40,23.0
2026-07-28,41,14.0
2026-07-28,42,38.0
2026-07-28,43,15.0
2026-07-28,44,21.0
2026-07-28,45,18.0
2026-07-28,46,53.0
2026-07-28,47,30.0
2026-07-28,48,16.0
2026-07-28,49,35.0
2026-07-28,50,54.0
2026-07-28,51,16.0
2026-07-28,52,35.0
2026-07-28,53,58.0
2026-07-28,54,36.0
2026-07-28,55,8.0
2026-07-28,56,26.0
2026-07-28,57,30.0
2026-07-28,58,24.0
2026-07-28,59,12.0
2026-07-28,60,34.0
2026-07-28,61,43.0
2026-07-28,62,31.0
2026-07-28,63,59.0
2026-07-28,64,33.0
2026-07-28,65,49.0
2026-07-28,66,31.0
2026-07-28,67,34.0
2026-07-28,68,41.0
2026-07-28,69,22.0
2026-07-28,70,42.0
2026-07-28,71,24.0
2026-07-28,72,39.0
2026-07-28,73,10.0
2026-07-28,74,40.0
2026-07-28,75,44.0
2026-07-28,76,11.0
2026-07-28,77,37.0
2026-07-28,78,21.0
2026-07-28,79,15.0
2026-07-28,80,27.0
2026-07-28,81,35.0
2026-07-28,82,41.0
2026-07-28,83,49.0
2026-07-28,84,27.0
2026-07-28,85,38.0
2026-07-28,86,32.0
2026-07-28,87,18.0
2026-07-28,88,35.0
2026-07-28,89,46.0
2026-07-28,90,36.0
2026-07-28,91,11.0
2026-07-28,92,42.0
2026-07-28,93,14.0
2026-07-28,94,42.0
2026-07-28,95,34.0
2026-07-28,96,10.0
2026-07-28,97,23.0
2026-07-28,98,21.0
2026-07-28,99,20.0
2026-07-29,00,17.0
2026-07-29,01,25.0
2026-07-29,02,28.0
2026-07-29,03,14.0
2026-07-29,04,9.0
2026-07-29,05,64.0
2026-07-29,06,44.0
2026-07-29,07,8.0
2026-07-29,08,27.0
2026-07-29,09,34.0
2026-07-29,10,34.0
2026-07-29,11,33.0
2026-07-29,12,24.0
2026-07-29,13,50.0
2026-07-29,14,18.0
2026-07-29,15,3.0
2026-07-29,16,14.0
2026-07-29,17,53.0
2026-07-29,18,25.0
2026-07-29,19,55.0
2026-07-29,20,13.0
2026-07-29,21,9.0
2026-07-29,22,9.0
2026-07-29,23,16.0
2026-07-29,24,29.0
2026-07-29,25,14.0
2026-07-29,26,37.0
2026-07-29,27,22.0
2026-07-29,28,19.0
2026-07-29,29,27.0
2026-07-29,30,30.0
2026-07-29,31,17.0
2026-07-29,32,30.0
2026-07-29,33,36.0
2026-07-29,34,29.0
2026-07-29,35,28.0
2026-07-29,36,17.0
2026-07-29,37,45.0
2026-07-29,38,31.0
2026-07-29,39,45.0
2026-07-29,40,26.0
2026-07-29,41,16.0
2026-07-29,42,40.0
2026-07-29,43,17.0
2026-07-29,44,21.0
2026-07-29,45,20.0
2026-07-29,46,57.0
2026-07-29,47,31.0
2026-07-29,48,19.0
2026-07-29,49,36.0
2026-07-29,50,56.0
2026-07-29,51,17.0
2026-07-29,52,38.0
2026-07-29,53,60.0
2026-07-29,54,38.0
2026-07-29,55,9.0
2026-07-29,56,27.0
2026-07-29,57,31.0
2026-07-29,58,26.0
2026-07-29,59,12.0
2026-07-29,60,36.0
2026-07-29,61,47.0
2026-07-29,62,34.0
2026-07-29,63,61.0
2026-07-29,64,35.0
2026-07-29,65,54.0
2026-07-29,66,35.0
2026-07-29,67,38.0
2026-07-29,68,44.0
2026-07-29,69,25.0
2026-07-29,70,44.0
2026-07-29,71,25.0
2026-07-29,72,39.0
2026-07-29,73,10.0
2026-07-29,74,43.0
2026-07-29,75,48.0
2026-07-29,76,12.0
2026-07-29,77,38.0
2026-07-29,78,24.0
2026-07-29,79,16.0
2026-07-29,80,28.0
2026-07-29,81,39.0
2026-07-29,82,44.0
2026-07-29,83,50.0
2026-07-29,84,28.0
2026-07-29,85,40.0
2026-07-29,86,34.0
2026-07-29,87,19.0
2026-07-29,88,35.0
2026-07-29,89,46.0
2026-07-29,90,40.0
2026-07-29,91,12.0
2026-07-29,92,44.0
2026-07-29,93,16.0
2026-07-29,94,43.0
2026-07-29,95,36.0
2026-07-29,96,13.0
2026-07-29,97,25.0
2026-07-29,98,24.0
2026-07-29,99,21.0
2026-07-30,00,18.0
2026-07-30,01,25.0
2026-07-30,02,32.0
2026-07-30,03,17.0
2026-07-30,04,10.0
2026-07-30,05,71.0
2026-07-30,06,45.0
2026-07-30,07,8.0
2026-07-30,08,30.0
2026-07-30,09,37.0
2026-07-30,10,38.0
2026-07-30,11,33.0
2026-07-30,12,27.0
2026-07-30,13,51.0
2026-07-30,14,18.0
2026-07-30,15,5.0
2026-07-30,16,15.0
2026-07-30,17,54.0
2026-07-30,18,25.0
2026-07-30,19,58.0
2026-07-30,20,15.0
2026-07-30,21,11.0
2026-07-30,22,9.0
2026-07-30,23,16.0
2026-07-30,24,32.0
2026-07-30,25,16.0
2026-07-30,26,38.0
2026-07-30,27,25.0
2026-07-30,28,20.0
2026-07-30,29,31.0
2026-07-30,30,31.0
2026-07-30,31,17.0
2026-07-30,32,32.0
2026-07-30,33,37.0
2026-07-30,34,32.0
2026-07-30,35,32.0
2026-07-30,36,19.0
2026-07-30,37,48.0
2026-07-30,38,33.0
2026-07-30,39,46.0
2026-07-30,40,30.0
2026-07-30,41,18.0
2026-07-30,42,42.0
2026-07-30,43,19.0
2026-07-30,44,21.0
2026-07-30,45,22.0
2026-07-30,46,61.0
2026-07-30,47,33.0
2026-07-30,48,21.0
2026-07-30,49,37.0
2026-07-30,50,58.0
2026-07-30,51,18.0
2026-07-30,52,40.0
2026-07-30,53,62.0
2026-07-30,54,38.0
2026-07-30,55,10.0
2026-07-30,56,28.0
2026-07-30,57,32.0
2026-07-30,58,28.0
2026-07-30,59,13.0
2026-07-30,60,37.0
2026-07-30,61,50.0
2026-07-30,62,37.0
2026-07-30,63,62.0
2026-07-30,64,38.0
2026-07-30,65,58.0
2026-07-30,66,38.0
2026-07-30,67,40.0
2026-07-30,68,47.0
2026-07-30,69,28.0
2026-07-30,70,46.0
2026-07-30,71,26.0
2026-07-30,72,39.0
2026-07-30,73,10.0
2026-07-30,74,46.0
2026-07-30,75,52.0
2026-07-30,76,13.0
2026-07-30,77,39.0
2026-07-30,78,27.0
2026-07-30,79,17.0
2026-07-30,80,29.0
2026-07-30,81,42.0
2026-07-30,82,46.0
2026-07-30,83,51.0
2026-07-30,84,31.0
2026-07-30,85,42.0
2026-07-30,86,36.0
2026-07-30,87,21.0
2026-07-30,88,35.0
2026-07-30,89,46.0
2026-07-30,90,45.0
2026-07-30,91,13.0
2026-07-30,92,47.0
2026-07-30,93,17.0
2026-07-30,94,44.0
2026-07-30,95,38.0
2026-07-30,96,16.0
2026-07-30,97,28.0
2026-07-30,98,27.0
2026-07-30,99,21.0
2026-07-31,00,19.0
2026-07-31,01,25.0
2026-07-31,02,36.0
2026-07-31,03,20.0
2026-07-31,04,12.0
2026-07-31,05,79.0
2026-07-31,06,46.0
2026-07-31,07,8.0
2026-07-31,08,32.0
2026-07-31,09,40.0
2026-07-31,10,43.0
2026-07-31,11,34.0
2026-07-31,12,30.0
2026-07-31,13,52.0
2026-07-31,14,18.0
2026-07-31,15,9.0
2026-07-31,16,16.0
2026-07-31,17,55.0
2026-07-31,18,25.0
2026-07-31,19,61.0
2026-07-31,20,17.0
2026-07-31,21,13.0
2026-07-31,22,9.0
2026-07-31,23,17.0
2026-07-31,24,35.0
2026-07-31,25,17.0
2026-07-31,26,39.0
2026-07-31,27,28.0
2026-07-31,28,21.0
2026-07-31,29,35.0
2026-07-31,30,32.0
2026-07-31,31,17.0
2026-07-31,32,34.0
2026-07-31,33,38.0
2026-07-31,34,35.0
2026-07-31,35,38.0
2026-07-31,36,21.0
2026-07-31,37,50.0
2026-07-31,38,35.0
2026-07-31,39,49.0
2026-07-31,40,33.0
2026-07-31,41,21.0
2026-07-31,42,44.0
2026-07-31,43,20.0
2026-07-31,44,21.0
2026-07-31,45,23.0
2026-07-31,46,65.0
2026-07-31,47,35.0
2026-07-31,48,23.0
2026-07-31,49,38.0
2026-07-31,50,59.0
2026-07-31,51,19.0
2026-07-31,52,44.0
2026-07-31,53,63.0
2026-07-31,54,39.0
2026-07-31,55,12.0
2026-07-31,56,29.0
2026-07-31,57,32.0
2026-07-31,58,30.0
2026-07-31,59,15.0
2026-07-31,60,38.0
2026-07-31,61,53.0
2026-07-31,62,39.0
2026-07-31,63,63.0
2026-07-31,64,40.0
2026-07-31,65,60.0
2026-07-31,66,41.0
2026-07-31,67,42.0
2026-07-31,68,50.0
2026-07-31,69,31.0
2026-07-31,70,47.0
2026-07-31,71,27.0
2026-07-31,72,39.0
2026-07-31,73,10.0
2026-07-31,74,48.0
2026-07-31,75,56.0
2026-07-31,76,13.0
2026-07-31,77,40.0
2026-07-31,78,29.0
2026-07-31,79,19.0
2026-07-31,80,29.0
2026-07-31,81,45.0
2026-07-31,82,47.0
2026-07-31,83,53.0
2026-07-31,84,34.0
2026-07-31,85,43.0
2026-07-31,86,38.0
2026-07-31,87,23.0
2026-07-31,88,35.0
2026-07-31,89,46.0
2026-07-31,90,51.0
2026-07-31,91,14.0
2026-07-31,92,50.0
2026-07-31,93,18.0
2026-07-31,94,45.0
2026-07-31,95,39.0
2026-07-31,96,19.0
2026-07-31,97,31.0
2026-07-31,98,31.0
2026-07-31,99,21.0
2026-08-01,00,20.0
2026-08-01,01,25.0
2026-08-01,02,39.0
2026-08-01,03,23.0
2026-08-01,04,14.0
2026-08-01,05,85.0
2026-08-01,06,47.0
2026-08-01,07,8.0
2026-08-01,08,34.0
2026-08-01,09,43.0
2026-08-01,10,47.0
2026-08-01,11,35.0
2026-08-01,12,34.0
2026-08-01,13,53.0
2026-08-01,14,18.0
2026-08-01,15,13.0
2026-08-01,16,17.0
2026-08-01,17,56.0
2026-08-01,18,25.0
2026-08-01,19,63.0
2026-08-01,20,19.0
2026-08-01,21,15.0
2026-08-01,22,9.0
2026-08-01,23,19.0
2026-08-01,24,38.0
2026-08-01,25,18.0
2026-08-01,26,40.0
2026-08-01,27,32.0
2026-08-01,28,21.0
2026-08-01,29,37.0
2026-08-01,30,34.0
2026-08-01,31,17.0
2026-08-01,32,36.0
2026-08-01,33,39.0
2026-08-01,34,39.0
2026-08-01,35,43.0
2026-08-01,36,24.0
2026-08-01,37,51.0
2026-08-01,38,37.0
2026-08-01,39,52.0
2026-08-01,40,36.0
2026-08-01,41,24.0
2026-08-01,42,46.0
2026-08-01,43,21.0
2026-08-01,44,21.0
2026-08-01,45,24.0
2026-08-01,46,69.0
2026-08-01,47,37.0
2026-08-01,48,26.0
2026-08-01,49,40.0
2026-08-01,50,60.0
2026-08-01,51,20.0
2026-08-01,52,49.0
2026-08-01,53,64.0
2026-08-01,54,41.0
2026-08-01,55,14.0
2026-08-01,56,32.0
2026-08-01,57,33.0
2026-08-01,58,32.0
2026-08-01,59,17.0
2026-08-01,60,41.0
2026-08-01,61,55.0
2026-08-01,62,42.0
2026-08-01,63,65.0
2026-08-01,64,42.0
2026-08-01,65,62.0
2026-08-01,66,44.0
2026-08-01,67,43.0
2026-08-01,68,53.0
2026-08-01,69,32.0
2026-08-01,70,48.0
2026-08-01,71,27.0
2026-08-01,72,39.0
2026-08-01,73,10.0
2026-08-01,74,50.0
2026-08-01,75,59.0
2026-08-01,76,14.0
2026-08-01,77,41.0
2026-08-01,78,29.0
2026-08-01,79,21.0
2026-08-01,80,30.0
2026-08-01,81,47.0
2026-08-01,82,49.0
2026-08-01,83,55.0
2026-08-01,84,36.0
2026-08-01,85,43.0
2026-08-01,86,39.0
2026-08-01,87,26.0
2026-08-01,88,36.0
2026-08-01,89,46.0
2026-08-01,90,58.0
2026-08-01,91,15.0
2026-08-01,92,53.0
2026-08-01,93,19.0
2026-08-01,94,45.0
2026-08-01,95,40.0
2026-08-01,96,21.0
2026-08-01,97,35.0
2026-08-01,98,34.0
2026-08-01,99,22.0
2026-08-02,00,21.0
2026-08-02,01,26.0
2026-08-02,02,42.0
2026-08-02,03,27.0
2026-08-02,04,17.0
2026-08-02,05,88.0
2026-08-02,06,48.0
2026-08-02,07,9.0
2026-08-02,08,36.0
2026-08-02,09,45.0
2026-08-02,10,50.0
2026-08-02,11,36.0
2026-08-02,12,39.0
2026-08-02,13,55.0
2026-08-02,14,18.0
2026-08-02,15,18.0
2026-08-02,16,17.0
2026-08-02,17,57.0
2026-08-02,18,25.0
2026-08-02,19,64.0
2026-08-02,20,21.0
2026-08-02,21,17.0
2026-08-02,22,9.0
2026-08-02,23,22.0
2026-08-02,24,41.0
2026-08-02,25,18.0
2026-08-02,26,41.0
2026-08-02,27,36.0
2026-08-02,28,22.0
2026-08-02,29,39.0
2026-08-02,30,36.0
2026-08-02,31,17.0
2026-08-02,32,37.0
2026-08-02,33,41.0
2026-08-02,34,43.0
2026-08-02,35,48.0
2026-08-02,36,27.0
2026-08-02,37,51.0
2026-08-02,38,39.0
2026-08-02,39,55.0
2026-08-02,40,39.0
2026-08-02,41,27.0
2026-08-02,42,48.0
2026-08-02,43,22.0
2026-08-02,44,21.0
2026-08-02,45,24.0
2026-08-02,46,71.0
2026-08-02,47,39.0
2026-08-02,48,29.0
2026-08-02,49,41.0
2026-08-02,50,60.0
2026-08-02,51,21.0
2026-08-02,52,55.0
2026-08-02,53,65.0
2026-08-02,54,44.0
2026-08-02,55,17.0
2026-08-02,56,35.0
2026-08-02,57,34.0
2026-08-02,58,33.0
2026-08-02,59,19.0
2026-08-02,60,43.0
2026-08-02,61,58.0
2026-08-02,62,43.0
2026-08-02,63,67.0
2026-08-02,64,45.0
2026-08-02,65,64.0
2026-08-02,66,47.0
2026-08-02,67,44.0
2026-08-02,68,56.0
2026-08-02,69,34.0
2026-08-02,70,49.0
2026-08-02,71,27.0
2026-08-02,72,39.0
2026-08-02,73,10.0
2026-08-02,74,52.0
2026-08-02,75,61.0
2026-08-02,76,15.0
2026-08-02,77,42.0
2026-08-02,78,29.0
2026-08-02,79,23.0
2026-08-02,80,32.0
2026-08-02,81,50.0
2026-08-02,82,51.0
2026-08-02,83,58.0
2026-08-02,84,38.0
2026-08-02,85,43.0
2026-08-02,86,40.0
2026-08-02,87,29.0
2026-08-02,88,37.0
2026-08-02,89,46.0
2026-08-02,90,65.0
2026-08-02,91,17.0
2026-08-02,92,56.0
2026-08-02,93,20.0
2026-08-02,94,46.0
2026-08-02,95,41.0
2026-08-02,96,23.0
2026-08-02,97,38.0
2026-08-02,98,37.0
2026-08-02,99,23.0
2026-08-03,00,23.0
2026-08-03,01,27.0
2026-08-03,02,45.0
2026-08-03,03,31.0
2026-08-03,04,21.0
2026-08-03,05,91.0
2026-08-03,06,49.0
2026-08-03,07,10.0
2026-08-03,08,38.0
2026-08-03,09,47.0
2026-08-03,10,54.0
2026-08-03,11,37.0
2026-08-03,12,44.0
2026-08-03,13,57.0
2026-08-03,14,18.0
2026-08-03,15,24.0
2026-08-03,16,17.0
2026-08-03,17,58.0
2026-08-03,18,25.0
2026-08-03,19,65.0
2026-08-03,20,23.0
2026-08-03,21,19.0
2026-08-03,22,9.0
2026-08-03,23,27.0
2026-08-03,24,45.0
2026-08-03,25,20.0
2026-08-03,26,42.0
2026-08-03,27,39.0
2026-08-03,28,23.0
2026-08-03,29,41.0
2026-08-03,30,37.0
2026-08-03,31,17.0
2026-08-03,32,38.0
2026-08-03,33,42.0
2026-08-03,34,47.0
2026-08-03,35,53.0
2026-08-03,36,30.0
2026-08-03,37,51.0
2026-08-03,38,41.0
2026-08-03,39,57.0
2026-08-03,40,42.0
2026-08-03,41,30.0
2026-08-03,42,48.0
2026-08-03,43,23.0
2026-08-03,44,21.0
2026-08-03,45,24.0
2026-08-03,46,73.0
2026-08-03,47,41.0
2026-08-03,48,32.0
2026-08-03,49,42.0
2026-08-03,50,60.0
2026-08-03,51,22.0
2026-08-03,52,59.0
2026-08-03,53,65.0
2026-08-03,54,47.0
2026-08-03,55,19.0
2026-08-03,56,38.0
2026-08-03,57,36.0
2026-08-03,58,34.0
2026-08-03,59,21.0
2026-08-03,60,45.0
2026-08-03,61,60.0
2026-08-03,62,45.0
2026-08-03,63,70.0
2026-08-03,64,47.0
2026-08-03,65,65.0
2026-08-03,66,48.0
2026-08-03,67,45.0
2026-08-03,68,59.0
2026-08-03,69,38.0
2026-08-03,70,49.0
2026-08-03,71,27.0
2026-08-03,72,40.0
2026-08-03,73,10.0
2026-08-03,74,53.0
2026-08-03,75,65.0
2026-08-03,76,16.0
2026-08-03,77,43.0
2026-08-03,78,29.0
2026-08-03,79,25.0
2026-08-03,80,34.0
2026-08-03,81,53.0
2026-08-03,82,53.0
2026-08-03,83,61.0
2026-08-03,84,40.0
2026-08-03,85,43.0
2026-08-03,86,42.0
2026-08-03,87,31.0
2026-08-03,88,39.0
2026-08-03,89,46.0
2026-08-03,90,71.0
2026-08-03,91,19.0
2026-08-03,92,59.0
2026-08-03,93,22.0
2026-08-03,94,47.0
2026-08-03,95,42.0
2026-08-03,96,24.0
2026-08-03,97,41.0
2026-08-03,98,40.0
2026-08-03,99,24.0
2026-08-04,00,24.0
2026-08-04,01,29.0
2026-08-04,02,48.0
2026-08-04,03,34.0
2026-08-04,04,24.0
2026-08-04,05,94.0
2026-08-04,06,50.0
2026-08-04,07,11.0
2026-08-04,08,39.0
2026-08-04,09,49.0
2026-08-04,10,59.0
2026-08-04,11,38.0
2026-08-04,12,48.0
2026-08-04,13,59.0
2026-08-04,14,18.0
2026-08-04,15,30.0
2026-08-04,16,17.0
2026-08-04,17,59.0
2026-08-04,18,26.0
2026-08-04,19,67.0
2026-08-04,20,24.0
2026-08-04,21,20.0
2026-08-04,22,9.0
2026-08-04,23,32.0
2026-08-04,24,49.0
2026-08-04,25,23.0
2026-08-04,26,43.0
2026-08-04,27,42.0
2026-08-04,28,24.0
2026-08-04,29,43.0
2026-08-04,30,38.0
2026-08-04,31,17.0
2026-08-04,32,39.0
2026-08-04,33,45.0
2026-08-04,34,51.0
2026-08-04,35,58.0
2026-08-04,36,32.0
2026-08-04,37,51.0
2026-08-04,38,43.0
2026-08-04,39,59.0
2026-08-04,40,43.0
2026-08-04,41,33.0
2026-08-04,42,48.0
2026-08-04,43,25.0
2026-08-04,44,22.0
2026-08-04,45,24.0
2026-08-04,46,74.0
2026-08-04,47,43.0
2026-08-04,48,35.0
2026-08-04,49,43.0
2026-08-04,50,60.0
2026-08-04,51,23.0
2026-08-04,52,63.0
2026-08-04,53,65.0
2026-08-04,54,50.0
2026-08-04,55,21.0
2026-08-04,56,40.0
2026-08-04,57,38.0
2026-08-04,58,35.0
2026-08-04,59,23.0
2026-08-04,60,47.0
2026-08-04,61,63.0
2026-08-04,62,48.0
2026-08-04,63,72.0
2026-08-04,64,49.0
2026-08-04,65,65.0
2026-08-04,66,49.0
2026-08-04,67,46.0
2026-08-04,68,62.0
2026-08-04,69,42.0
2026-08-04,70,49.0
2026-08-04,71,27.0
2026-08-04,72,42.0
2026-08-04,73,10.0
2026-08-04,74,53.0
2026-08-04,75,69.0
2026-08-04,76,17.0
2026-08-04,77,45.0
2026-08-04,78,30.0
2026-08-04,79,27.0
2026-08-04,80,36.0
2026-08-04,81,56.0
2026-08-04,82,56.0
2026-08-04,83,64.0
2026-08-04,84,43.0
2026-08-04,85,43.0
2026-08-04,86,45.0
2026-08-04,87,33.0
2026-08-04,88,41.0
2026-08-04,89,46.0
2026-08-04,90,75.0
2026-08-04,91,21.0
2026-08-04,92,62.0
2026-08-04,93,23.0
2026-08-04,94,49.0
2026-08-04,95,45.0
2026-08-04,96,24.0
2026-08-04,97,43.0
2026-08-04,98,43.0
2026-08-04,99,25.0
2026-08-05,00,26.0
2026-08-05,01,31.0
2026-08-05,02,51.0
2026-08-05,03,35.0
2026-08-05,04,27.0
2026-08-05,05,97.0
2026-08-05,06,51.0
2026-08-05,07,12.0
2026-08-05,08,40.0
2026-08-05,09,51.0
2026-08-05,10,63.0
2026-08-05,11,40.0
2026-08-05,12,51.0
2026-08-05,13,61.0
2026-08-05,14,18.0
2026-08-05,15,35.0
2026-08-05,16,17.0
2026-08-05,17,60.0
2026-08-05,18,30.0
2026-08-05,19,69.0
2026-08-05,20,24.0
2026-08-05,21,21.0
2026-08-05,22,9.0
2026-08-05,23,37.0
2026-08-05,24,53.0
2026-08-05,25,26.0
2026-08-05,26,44.0
2026-08-05,27,44.0
2026-08-05,28,25.0
2026-08-05,29,45.0
2026-08-05,30,40.0
2026-08-05,31,18.0
2026-08-05,32,40.0
2026-08-05,33,48.0
2026-08-05,34,53.0
2026-08-05,35,61.0
2026-08-05,36,34.0
2026-08-05,37,51.0
2026-08-05,38,45.0
2026-08-05,39,61.0
2026-08-05,40,44.0
2026-08-05,41,37.0
2026-08-05,42,49.0
2026-08-05,43,26.0
2026-08-05,44,23.0
2026-08-05,45,24.0
2026-08-05,46,75.0
2026-08-05,47,45.0
2026-08-05,48,37.0
2026-08-05,49,44.0
2026-08-05,50,60.0
2026-08-05,51,24.0
2026-08-05,52,68.0
2026-08-05,53,65.0
2026-08-05,54,53.0
2026-08-05,55,23.0
2026-08-05,56,43.0
2026-08-05,57,41.0
2026-08-05,58,35.0
2026-08-05,59,25.0
2026-08-05,60,50.0
2026-08-05,61,67.0
2026-08-05,62,51.0
2026-08-05,63,74.0
2026-08-05,64,51.0
2026-08-05,65,65.0
2026-08-05,66,51.0
2026-08-05,67,47.0
2026-08-05,68,63.0
2026-08-05,69,46.0
2026-08-05,70,49.0
2026-08-05,71,27.0
2026-08-05,72,44.0
2026-08-05,73,10.0
2026-08-05,74,53.0
2026-08-05,75,73.0
2026-08-05,76,19.0
2026-08-05,77,47.0
2026-08-05,78,31.0
2026-08-05,79,28.0
2026-08-05,80,38.0
2026-08-05,81,57.0
2026-08-05,82,59.0
2026-08-05,83,67.0
2026-08-05,84,46.0
2026-08-05,85,43.0
2026-08-05,86,47.0
2026-08-05,87,35.0
2026-08-05,88,43.0
2026-08-05,89,46.0
2026-08-05,90,79.0
2026-08-05,91,23.0
2026-08-05,92,65.0
2026-08-05,93,25.0
2026-08-05,94,51.0
2026-08-05,95,49.0
2026-08-05,96,24.0
2026-08-05,97,45.0
2026-08-05,98,47.0
2026-08-05,99,27.0
2026-08-06,00,28.0
2026-08-06,01,34.0
2026-08-06,02,54.0
2026-08-06,03,36.0
2026-08-06,04,32.0
2026-08-06,05,99.0
2026-08-06,06,54.0
2026-08-06,07,13.0
2026-08-06,08,40.0
2026-08-06,09,52.0
2026-08-06,10,67.0
2026-08-06,11,42.0
2026-08-06,12,53.0
2026-08-06,13,64.0
2026-08-06,14,18.0
2026-08-06,15,40.0
2026-08-06,16,17.0
2026-08-06,17,61.0
2026-08-06,18,35.0
2026-08-06,19,71.0
2026-08-06,20,26.0
2026-08-06,21,21.0
2026-08-06,22,9.0
2026-08-06,23,42.0
2026-08-06,24,57.0
2026-08-06,25,29.0
2026-08-06,26,44.0
2026-08-06,27,45.0
2026-08-06,28,26.0
2026-08-06,29,46.0
2026-08-06,30,42.0
2026-08-06,31,20.0
2026-08-06,32,42.0
2026-08-06,33,51.0
2026-08-06,34,54.0
2026-08-06,35,64.0
2026-08-06,36,35.0
2026-08-06,37,51.0
2026-08-06,38,47.0
2026-08-06,39,63.0
2026-08-06,40,44.0
2026-08-06,41,41.0
2026-08-06,42,50.0
2026-08-06,43,27.0
2026-08-06,44,24.0
2026-08-06,45,24.0
2026-08-06,46,76.0
2026-08-06,47,46.0
2026-08-06,48,39.0
2026-08-06,49,45.0
2026-08-06,50,61.0
2026-08-06,51,27.0
2026-08-06,52,73.0
2026-08-06,53,65.0
2026-08-06,54,57.0
2026-08-06,55,25.0
2026-08-06,56,46.0
2026-08-06,57,44.0
2026-08-06,58,35.0
2026-08-06,59,26.0
2026-08-06,60,55.0
2026-08-06,61,71.0
2026-08-06,62,54.0
2026-08-06,63,76.0
2026-08-06,64,52.0
2026-08-06,65,65.0
2026-08-06,66,53.0
2026-08-06,67,49.0
2026-08-06,68,64.0
2026-08-06,69,51.0
2026-08-06,70,49.0
2026-08-06,71,27.0
2026-08-06,72,46.0
2026-08-06,73,10.0
2026-08-06,74,53.0
2026-08-06,75,76.0
2026-08-06,76,21.0
2026-08-06,77,49.0
2026-08-06,78,32.0
2026-08-06,79,29.0
2026-08-06,80,40.0
2026-08-06,81,58.0
2026-08-06,82,61.0
2026-08-06,83,70.0
2026-08-06,84,48.0
2026-08-06,85,43.0
2026-08-06,86,49.0
2026-08-06,87,37.0
2026-08-06,88,46.0
2026-08-06,89,47.0
2026-08-06,90,81.0
2026-08-06,91,25.0
2026-08-06,92,67.0
2026-08-06,93,27.0
2026-08-06,94,53.0
2026-08-06,95,53.0
2026-08-06,96,24.0
2026-08-06,97,46.0
2026-08-06,98,51.0
2026-08-06,99,29.0
2026-08-07,00,30.0
2026-08-07,01,37.0
2026-08-07,02,57.0
2026-08-07,03,37.0
2026-08-07,04,36.0
2026-08-07,05,100.0
2026-08-07,06,57.0
2026-08-07,07,14.0
2026-08-07,08,40.0
2026-08-07,09,54.0
2026-08-07,10,70.0
2026-08-07,11,44.0
2026-08-07,12,55.0
2026-08-07,13,66.0
2026-08-07,14,18.0
2026-08-07,15,44.0
2026-08-07,16,17.0
2026-08-07,17,61.0
2026-08-07,18,42.0
2026-08-07,19,73.0
2026-08-07,20,28.0
2026-08-07,21,21.0
2026-08-07,22,10.0
2026-08-07,23,46.0
2026-08-07,24,59.0
2026-08-07,25,32.0
2026-08-07,26,44.0
2026-08-07,27,47.0
2026-08-07,28,27.0
2026-08-07,29,48.0
2026-08-07,30,44.0
2026-08-07,31,22.0
2026-08-07,32,45.0
2026-08-07,33,54.0
2026-08-07,34,55.0
2026-08-07,35,65.0
2026-08-07,36,36.0
2026-08-07,37,51.0
2026-08-07,38,48.0
2026-08-07,39,63.0
2026-08-07,40,44.0
2026-08-07,41,44.0
2026-08-07,42,53.0
2026-08-07,43,30.0
2026-08-07,44,26.0
2026-08-07,45,24.0
2026-08-07,46,78.0
2026-08-07,47,48.0
2026-08-07,48,41.0
2026-08-07,49,46.0
2026-08-07,50,63.0
2026-08-07,51,30.0
2026-08-07,52,76.0
2026-08-07,53,65.0
2026-08-07,54,60.0
2026-08-07,55,26.0
2026-08-07,56,50.0
2026-08-07,57,47.0
2026-08-07,58,35.0
2026-08-07,59,26.0
2026-08-07,60,60.0
2026-08-07,61,75.0
2026-08-07,62,57.0
2026-08-07,63,78.0
2026-08-07,64,53.0
2026-08-07,65,65.0
2026-08-07,66,55.0
2026-08-07,67,51.0
2026-08-07,68,64.0
2026-08-07,69,56.0
2026-08-07,70,49.0
2026-08-07,71,27.0
2026-08-07,72,48.0
2026-08-07,73,10.0
2026-08-07,74,53.0
2026-08-07,75,79.0
2026-08-07,76,23.0
2026-08-07,77,52.0
2026-08-07,78,33.0
2026-08-07,79,30.0
2026-08-07,80,44.0
2026-08-07,81,60.0
2026-08-07,82,63.0
2026-08-07,83,73.0
2026-08-07,84,50.0
2026-08-07,85,43.0
2026-08-07,86,52.0
2026-08-07,87,39.0
2026-08-07,88,49.0
2026-08-07,89,49.0
2026-08-07,90,82.0
2026-08-07,91,27.0
2026-08-07,92,69.0
2026-08-07,93,29.0
2026-08-07,94,56.0
2026-08-07,95,57.0
2026-08-07,96,24.0
2026-08-07,97,47.0
2026-08-07,98,54.0
2026-08-07,99,31.0
2026-08-08,00,33.0
2026-08-08,01,40.0
2026-08-08,02,62.0
2026-08-08,03,38.0
2026-08-08,04,40.0
2026-08-08,05,101.0
2026-08-08,06,60.0
2026-08-08,07,15.0
2026-08-08,08,40.0
2026-08-08,09,56.0
2026-08-08,10,73.0
2026-08-08,11,47.0
2026-08-08,12,56.0
2026-08-08,13,68.0
2026-08-08,14,18.0
2026-08-08,15,48.0
2026-08-08,16,17.0
2026-08-08,17,62.0
2026-08-08,18,50.0
2026-08-08,19,76.0
2026-08-08,20,30.0
2026-08-08,21,23.0
2026-08-08,22,12.0
2026-08-08,23,49.0
2026-08-08,24,61.0
2026-08-08,25,36.0
2026-08-08,26,44.0
2026-08-08,27,49.0
2026-08-08,28,28.0
2026-08-08,29,50.0
2026-08-08,30,45.0
2026-08-08,31,24.0
2026-08-08,32,49.0
2026-08-08,33,57.0
2026-08-08,34,55.0
2026-08-08,35,66.0
2026-08-08,36,36.0
2026-08-08,37,51.0
2026-08-08,38,49.0
2026-08-08,39,63.0
2026-08-08,40,44.0
2026-08-08,41,47.0
2026-08-08,42,57.0
2026-08-08,43,33.0
2026-08-08,44,28.0
2026-08-08,45,24.0
2026-08-08,46,81.0
2026-08-08,47,50.0
2026-08-08,48,42.0
2026-08-08,49,46.0
2026-08-08,50,66.0
2026-08-08,51,33.0
2026-08-08,52,78.0
2026-08-08,53,65.0
2026-08-08,54,62.0
2026-08-08,55,27.0
2026-08-08,56,53.0
2026-08-08,57,49.0
2026-08-08,58,35.0
2026-08-08,59,26.0
2026-08-08,60,63.0
2026-08-08,61,79.0
2026-08-08,62,60.0
2026-08-08,63,80.0
2026-08-08,64,54.0
2026-08-08,65,65.0
2026-08-08,66,56.0
2026-08-08,67,53.0
2026-08-08,68,64.0
2026-08-08,69,61.0
2026-08-08,70,49.0
2026-08-08,71,27.0
2026-08-08,72,50.0
2026-08-08,73,11.0
2026-08-08,74,53.0
2026-08-08,75,82.0
2026-08-08,76,24.0
2026-08-08,77,55.0
2026-08-08,78,35.0
2026-08-08,79,31.0
2026-08-08,80,48.0
2026-08-08,81,63.0
2026-08-08,82,64.0
2026-08-08,83,76.0
2026-08-08,84,53.0
2026-08-08,85,43.0
2026-08-08,86,55.0
2026-08-08,87,40.0
2026-08-08,88,51.0
2026-08-08,89,51.0
2026-08-08,90,83.0
2026-08-08,91,29.0
2026-08-08,92,70.0
2026-08-08,93,31.0
2026-08-08,94,59.0
2026-08-08,95,62.0
2026-08-08,96,24.0
2026-08-08,97,48.0
2026-08-08,98,57.0
2026-08-08,99,32.0
2026-08-09,00,36.0
2026-08-09,01,42.0
2026-08-09,02,67.0
2026-08-09,03,38.0
2026-08-09,04,44.0
2026-08-09,05,102.0
2026-08-09,06,63.0
2026-08-09,07,15.0
2026-08-09,08,40.0
2026-08-09,09,57.0
2026-08-09,10,77.0
2026-08-09,11,50.0
2026-08-09,12,57.0
2026-08-09,13,69.0
2026-08-09,14,19.0
2026-08-09,15,51.0
2026-08-09,16,18.0
2026-08-09,17,64.0
2026-08-09,18,58.0
2026-08-09,19,79.0
2026-08-09,20,32.0
2026-08-09,21,27.0
2026-08-09,22,15.0
2026-08-09,23,51.0
2026-08-09,24,63.0
2026-08-09,25,40.0
2026-08-09,26,44.0
2026-08-09,27,52.0
2026-08-09,28,28.0
2026-08-09,29,53.0
2026-08-09,30,46.0
2026-08-09,31,26.0
2026-08-09,32,53.0
2026-08-09,33,59.0
2026-08-09,34,56.0
2026-08-09,35,67.0
2026-08-09,36,36.0
2026-08-09,37,51.0
2026-08-09,38,49.0
2026-08-09,39,63.0
2026-08-09,40,44.0
2026-08-09,41,50.0
2026-08-09,42,63.0
2026-08-09,43,36.0
2026-08-09,44,30.0
2026-08-09,45,24.0
2026-08-09,46,84.0
2026-08-09,47,52.0
2026-08-09,48,42.0
2026-08-09,49,47.0
2026-08-09,50,70.0
2026-08-09,51,36.0
2026-08-09,52,79.0
2026-08-09,53,65.0
2026-08-09,54,63.0
2026-08-09,55,27.0
2026-08-09,56,56.0
2026-08-09,57,51.0
2026-08-09,58,35.0
2026-08-09,59,26.0
2026-08-09,60,66.0
2026-08-09,61,83.0
2026-08-09,62,63.0
2026-08-09,63,82.0
2026-08-09,64,54.0
2026-08-09,65,65.0
2026-08-09,66,57.0
2026-08-09,67,56.0
2026-08-09,68,65.0
2026-08-09,69,65.0
2026-08-09,70,49.0
2026-08-09,71,27.0
2026-08-09,72,52.0
2026-08-09,73,13.0
2026-08-09,74,53.0
2026-08-09,75,85.0
2026-08-09,76,25.0
2026-08-09,77,59.0
2026-08-09,78,37.0
2026-08-09,79,33.0
2026-08-09,80,51.0
2026-08-09,81,65.0
2026-08-09,82,65.0
2026-08-09,83,78.0
2026-08-09,84,56.0
2026-08-09,85,43.0
2026-08-09,86,59.0
2026-08-09,87,41.0
2026-08-09,88,53.0
2026-08-09,89,53.0
2026-08-09,90,84.0
2026-08-09,91,30.0
2026-08-09,92,71.0
2026-08-09,93,34.0
2026-08-09,94,61.0
2026-08-09,95,67.0
2026-08-09,96,24.0
2026-08-09,97,50.0
2026-08-09,98,58.0
2026-08-09,99,34.0
2026-08-10,00,38.0
2026-08-10,01,44.0
2026-08-10,02,72.0
2026-08-10,03,39.0
2026-08-10,04,48.0
2026-08-10,05,103.0
2026-08-10,06,67.0
2026-08-10,07,15.0
2026-08-10,08,40.0
2026-08-10,09,58.0
2026-08-10,10,80.0
2026-08-10,11,53.0
2026-08-10,12,58.0
2026-08-10,13,70.0
2026-08-10,14,21.0
2026-08-10,15,53.0
2026-08-10,16,19.0
2026-08-10,17,69.0
2026-08-10,18,66.0
2026-08-10,19,82.0
2026-08-10,20,34.0
2026-08-10,21,31.0
2026-08-10,22,19.0
2026-08-10,23,51.0
2026-08-10,24,64.0
2026-08-10,25,42.0
2026-08-10,26,44.0
2026-08-10,27,55.0
2026-08-10,28,28.0
2026-08-10,29,55.0
2026-08-10,30,47.0
2026-08-10,31,30.0
2026-08-10,32,58.0
2026-08-10,33,61.0
2026-08-10,34,58.0
2026-08-10,35,68.0
2026-08-10,36,36.0
2026-08-10,37,51.0
2026-08-10,38,49.0
2026-08-10,39,63.0
2026-08-10,40,44.0
2026-08-10,41,52.0
2026-08-10,42,69.0
2026-08-10,43,39.0
2026-08-10,44,32.0
2026-08-10,45,24.0
2026-08-10,46,86.0
2026-08-10,47,53.0
2026-08-10,48,42.0
2026-08-10,49,48.0
2026-08-10,50,75.0
2026-08-10,51,38.0
2026-08-10,52,81.0
2026-08-10,53,66.0
2026-08-10,54,64.0
2026-08-10,55,27.0
2026-08-10,56,59.0
2026-08-10,57,53.0
2026-08-10,58,35.0
2026-08-10,59,26.0
2026-08-10,60,69.0
2026-08-10,61,87.0
2026-08-10,62,65.0
2026-08-10,63,84.0
2026-08-10,64,55.0
2026-08-10,65,65.0
2026-08-10,66,58.0
2026-08-10,67,59.0
2026-08-10,68,66.0
2026-08-10,69,68.0
2026-08-10,70,49.0
2026-08-10,71,27.0
2026-08-10,72,53.0
2026-08-10,73,15.0
2026-08-10,74,53.0
2026-08-10,75,86.0
2026-08-10,76,26.0
2026-08-10,77,63.0
2026-08-10,78,40.0
2026-08-10,79,35.0
2026-08-10,80,54.0
2026-08-10,81,67.0
2026-08-10,82,66.0
2026-08-10,83,81.0
2026-08-10,84,60.0
2026-08-10,85,43.0
2026-08-10,86,62.0
2026-08-10,87,42.0
2026-08-10,88,54.0
2026-08-10,89,56.0
2026-08-10,90,85.0
2026-08-10,91,31.0
2026-08-10,92,71.0
2026-08-10,93,37.0
2026-08-10,94,63.0
2026-08-10,95,74.0
2026-08-10,96,24.0
2026-08-10,97,52.0
2026-08-10,98,59.0
2026-08-10,99,36.0
2026-08-11,00,41.0
2026-08-11,01,45.0
2026-08-11,02,76.0
2026-08-11,03,40.0
2026-08-11,04,52.0
2026-08-11,05,105.0
2026-08-11,06,71.0
2026-08-11,07,15.0
2026-08-11,08,40.0
2026-08-11,09,59.0
2026-08-11,10,82.0
2026-08-11,11,56.0
2026-08-11,12,59.0
2026-08-11,13,71.0
2026-08-11,14,23.0
2026-08-11,15,54.0
2026-08-11,16,20.0
2026-08-11,17,74.0
2026-08-11,18,73.0
2026-08-11,19,84.0
2026-08-11,20,38.0
2026-08-11,21,35.0
2026-08-11,22,24.0
2026-08-11,23,51.0
2026-08-11,24,66.0
2026-08-11,25,43.0
2026-08-11,26,45.0
2026-08-11,27,58.0
2026-08-11,28,28.0
2026-08-11,29,57.0
2026-08-11,30,48.0
2026-08-11,31,34.0
2026-08-11,32,62.0
2026-08-11,33,61.0
2026-08-11,34,60.0
2026-08-11,35,69.0
2026-08-11,36,38.0
2026-08-11,37,51.0
2026-08-11,38,49.0
2026-08-11,39,63.0
2026-08-11,40,45.0
2026-08-11,41,54.0
2026-08-11,42,75.0
2026-08-11,43,41.0
2026-08-11,44,33.0
2026-08-11,45,25.0
2026-08-11,46,88.0
2026-08-11,47,54.0
2026-08-11,48,42.0
2026-08-11,49,50.0
2026-08-11,50,81.0
2026-08-11,51,41.0
2026-08-11,52,83.0
2026-08-11,53,67.0
2026-08-11,54,65.0
2026-08-11,55,27.0
2026-08-11,56,62.0
2026-08-11,57,55.0
2026-08-11,58,35.0
2026-08-11,59,26.0
2026-08-11,60,72.0
2026-08-11,61,89.0
2026-08-11,62,66.0
2026-08-11,63,87.0
2026-08-11,64,56.0
2026-08-11,65,65.0
2026-08-11,66,59.0
2026-08-11,67,61.0
2026-08-11,68,67.0
2026-08-11,69,72.0
2026-08-11,70,49.0
2026-08-11,71,27.0
2026-08-11,72,54.0
2026-08-11,73,17.0
2026-08-11,74,53.0
2026-08-11,75,87.0
2026-08-11,76,28.0
2026-08-11,77,65.0
2026-08-11,78,42.0
2026-08-11,79,37.0
2026-08-11,80,57.0
2026-08-11,81,69.0
2026-08-11,82,67.0
2026-08-11,83,84.0
2026-08-11,84,63.0
2026-08-11,85,43.0
2026-08-11,86,65.0
2026-08-11,87,44.0
2026-08-11,88,55.0
2026-08-11,89,59.0
2026-08-11,90,86.0
2026-08-11,91,34.0
2026-08-11,92,72.0
2026-08-11,93,40.0
2026-08-11,94,64.0
2026-08-11,95,79.0
2026-08-11,96,26.0
2026-08-11,97,54.0
2026-08-11,98,60.0
2026-08-11,99,38.0
2026-08-12,00,44.0
2026-08-12,01,46.0
2026-08-12,02,79.0
2026-08-12,03,41.0
2026-08-12,04,56.0
2026-08-12,05,106.0
2026-08-12,06,75.0
2026-08-12,07,15.0
2026-08-12,08,41.0
2026-08-12,09,61.0
2026-08-12,10,83.0
2026-08-12,11,58.0
2026-08-12,12,61.0
2026-08-12,13,72.0
2026-08-12,14,25.0
2026-08-12,15,55.0
2026-08-12,16,21.0
2026-08-12,17,79.0
2026-08-12,18,77.0
2026-08-12,19,86.0
2026-08-12,20,43.0
2026-08-12,21,40.0
2026-08-12,22,29.0
2026-08-12,23,51.0
2026-08-12,24,68.0
2026-08-12,25,44.0
2026-08-12,26,48.0
2026-08-12,27,61.0
2026-08-12,28,28.0
2026-08-12,29,59.0
2026-08-12,30,48.0
2026-08-12,31,37.0
2026-08-12,32,66.0
2026-08-12,33,61.0
2026-08-12,34,64.0
2026-08-12,35,70.0
2026-08-12,36,40.0
2026-08-12,37,51.0
2026-08-12,38,49.0
2026-08-12,39,63.0
2026-08-12,40,47.0
2026-08-12,41,55.0
2026-08-12,42,81.0
2026-08-12,43,43.0
2026-08-12,44,34.0
2026-08-12,45,26.0
2026-08-12,46,90.0
2026-08-12,47,55.0
2026-08-12,48,42.0
2026-08-12,49,52.0
2026-08-12,50,88.0
2026-08-12,51,44.0
2026-08-12,52,84.0
2026-08-12,53,68.0
2026-08-12,54,66.0
2026-08-12,55,27.0
2026-08-12,56,64.0
2026-08-12,57,56.0
2026-08-12,58,35.0
2026-08-12,59,27.0
2026-08-12,60,74.0
2026-08-12,61,90.0
2026-08-12,62,68.0
2026-08-12,63,90.0
2026-08-12,64,57.0
2026-08-12,65,65.0
2026-08-12,66,59.0
2026-08-12,67,63.0
2026-08-12,68,68.0
2026-08-12,69,75.0
2026-08-12,70,49.0
2026-08-12,71,27.0
2026-08-12,72,56.0
2026-08-12,73,20.0
2026-08-12,74,53.0
2026-08-12,75,87.0
2026-08-12,76,29.0
2026-08-12,77,67.0
2026-08-12,78,44.0
2026-08-12,79,39.0
2026-08-12,80,60.0
2026-08-12,81,72.0
2026-08-12,82,69.0
2026-08-12,83,86.0
2026-08-12,84,66.0
2026-08-12,85,43.0
2026-08-12,86,68.0
2026-08-12,87,46.0
2026-08-12,88,58.0
2026-08-12,89,62.0
2026-08-12,90,87.0
2026-08-12,91,36.0
2026-08-12,92,74.0
2026-08-12,93,42.0
2026-08-12,94,66.0
2026-08-12,95,84.0
2026-08-12,96,28.0
2026-08-12,97,59.0
2026-08-12,98,60.0
2026-08-12,99,39.0
2026-08-13,00,43.0
2026-08-13,01,43.0
2026-08-13,02,81.0
2026-08-13,03,40.0
2026-08-13,04,58.0
2026-08-13,05,103.0
2026-08-13,06,74.0
2026-08-13,07,14.0
2026-08-13,08,42.0
2026-08-13,09,62.0
2026-08-13,10,82.0
2026-08-13,11,60.0
2026-08-13,12,62.0
2026-08-13,13,67.0
2026-08-13,14,28.0
2026-08-13,15,57.0
2026-08-13,16,21.0
2026-08-13,17,82.0
2026-08-13,18,79.0
2026-08-13,19,83.0
2026-08-13,20,44.0
2026-08-13,21,45.0
2026-08-13,22,33.0
2026-08-13,23,49.0
2026-08-13,24,68.0
2026-08-13,25,45.0
2026-08-13,26,49.0
2026-08-13,27,62.0
2026-08-13,28,28.0
2026-08-13,29,61.0
2026-08-13,30,47.0
2026-08-13,31,35.0
2026-08-13,32,67.0
2026-08-13,33,59.0
2026-08-13,34,66.0
2026-08-13,35,70.0
2026-08-13,36,41.0
2026-08-13,37,48.0
2026-08-13,38,49.0
2026-08-13,39,62.0
2026-08-13,40,45.0
2026-08-13,41,54.0
2026-08-13,42,86.0
2026-08-13,43,44.0
2026-08-13,44,38.0
2026-08-13,45,26.0
2026-08-13,46,90.0
2026-08-13,47,56.0
2026-08-13,48,41.0
2026-08-13,49,51.0
2026-08-13,50,90.0
2026-08-13,51,46.0
2026-08-13,52,84.0
2026-08-13,53,67.0
2026-08-13,54,66.0
2026-08-13,55,26.0
2026-08-13,56,64.0
2026-08-13,57,55.0
2026-08-13,58,33.0
2026-08-13,59,27.0
2026-08-13,60,72.0
2026-08-13,61,88.0
2026-08-13,62,67.0
2026-08-13,63,91.0
2026-08-13,64,54.0
2026-08-13,65,63.0
2026-08-13,66,57.0
2026-08-13,67,61.0
2026-08-13,68,66.0
2026-08-13,69,76.0
2026-08-13,70,49.0
2026-08-13,71,25.0
2026-08-13,72,57.0
2026-08-13,73,19.0
2026-08-13,74,51.0
2026-08-13,75,83.0
2026-08-13,76,30.0
2026-08-13,77,68.0
2026-08-13,78,45.0
2026-08-13,79,39.0
2026-08-13,80,60.0
2026-08-13,81,75.0
2026-08-13,82,69.0
2026-08-13,83,86.0
2026-08-13,84,67.0
2026-08-13,85,41.0
2026-08-13,86,70.0
2026-08-13,87,46.0
2026-08-13,88,60.0
2026-08-13,89,60.0
2026-08-13,90,85.0
2026-08-13,91,36.0
2026-08-13,92,73.0
2026-08-13,93,44.0
2026-08-13,94,65.0
2026-08-13,95,87.0
2026-08-13,96,29.0
2026-08-13,97,62.0
2026-08-13,98,59.0
2026-08-13,99,37.0
2026-08-14,00,43.0
2026-08-14,01,40.0
2026-08-14,02,83.0
2026-08-14,03,39.0
2026-08-14,04,60.0
2026-08-14,05,100.0
2026-08-14,06,73.0
2026-08-14,07,14.0
2026-08-14,08,43.0
2026-08-14,09,63.0
2026-08-14,10,81.0
2026-08-14,11,60.0
2026-08-14,12,63.0
2026-08-14,13,62.0
2026-08-14,14,31.0
2026-08-14,15,58.0
2026-08-14,16,21.0
2026-08-14,17,86.0
2026-08-14,18,79.0
2026-08-14,19,79.0
2026-08-14,20,49.0
2026-08-14,21,50.0
2026-08-14,22,36.0
2026-08-14,23,47.0
2026-08-14,24,68.0
2026-08-14,25,46.0
2026-08-14,26,51.0
2026-08-14,27,63.0
2026-08-14,28,28.0
2026-08-14,29,63.0
2026-08-14,30,46.0
2026-08-14,31,33.0
2026-08-14,32,67.0
2026-08-14,33,56.0
2026-08-14,34,69.0
2026-08-14,35,70.0
2026-08-14,36,43.0
2026-08-14,37,46.0
2026-08-14,38,49.0
2026-08-14,39,61.0
2026-08-14,40,45.0
2026-08-14,41,55.0
2026-08-14,42,89.0
2026-08-14,43,44.0
2026-08-14,44,41.0
2026-08-14,45,26.0
2026-08-14,46,89.0
2026-08-14,47,55.0
2026-08-14,48,40.0
2026-08-14,49,50.0
2026-08-14,50,91.0
2026-08-14,51,48.0
2026-08-14,52,84.0
2026-08-14,53,65.0
2026-08-14,54,67.0
2026-08-14,55,26.0
2026-08-14,56,63.0
2026-08-14,57,53.0
2026-08-14,58,31.0
2026-08-14,59,27.0
2026-08-14,60,70.0
2026-08-14,61,86.0
2026-08-14,62,67.0
2026-08-14,63,93.0
2026-08-14,64,52.0
2026-08-14,65,61.0
2026-08-14,66,55.0
2026-08-14,67,60.0
2026-08-14,68,64.0
2026-08-14,69,78.0
2026-08-14,70,49.0
2026-08-14,71,24.0
2026-08-14,72,57.0
2026-08-14,73,19.0
2026-08-14,74,49.0
2026-08-14,75,79.0
2026-08-14,76,31.0
2026-08-14,77,68.0
2026-08-14,78,47.0
2026-08-14,79,39.0
2026-08-14,80,60.0
2026-08-14,81,78.0
2026-08-14,82,69.0
2026-08-14,83,84.0
2026-08-14,84,68.0
2026-08-14,85,38.0
2026-08-14,86,70.0
2026-08-14,87,48.0
2026-08-14,88,63.0
2026-08-14,89,58.0
2026-08-14,90,84.0
2026-08-14,91,36.0
2026-08-14,92,70.0
2026-08-14,93,46.0
2026-08-14,94,63.0
2026-08-14,95,90.0
2026-08-14,96,30.0
2026-08-14,97,65.0
2026-08-14,98,58.0
2026-08-14,99,36.0
2026-08-15,00,44.0
2026-08-15,01,37.0
2026-08-15,02,83.0
2026-08-15,03,38.0
2026-08-15,04,62.0
2026-08-15,05,98.0
2026-08-15,06,72.0
2026-08-15,07,14.0
2026-08-15,08,44.0
2026-08-15,09,64.0
2026-08-15,10,81.0
2026-08-15,11,59.0
2026-08-15,12,64.0
2026-08-15,13,59.0
2026-08-15,14,34.0
2026-08-15,15,59.0
2026-08-15,16,20.0
2026-08-15,17,88.0
2026-08-15,18,79.0
2026-08-15,19,75.0
2026-08-15,20,54.0
2026-08-15,21,53.0
2026-08-15,22,39.0
2026-08-15,23,45.0
2026-08-15,24,70.0
2026-08-15,25,46.0
2026-08-15,26,53.0
2026-08-15,27,65.0
2026-08-15,28,29.0
2026-08-15,29,64.0
2026-08-15,30,45.0
2026-08-15,31,31.0
2026-08-15,32,66.0
2026-08-15,33,54.0
2026-08-15,34,74.0
2026-08-15,35,71.0
2026-08-15,36,45.0
2026-08-15,37,42.0
2026-08-15,38,49.0
2026-08-15,39,60.0
2026-08-15,40,46.0
2026-08-15,41,56.0
2026-08-15,42,91.0
2026-08-15,43,44.0
2026-08-15,44,44.0
2026-08-15,45,26.0
2026-08-15,46,87.0
2026-08-15,47,56.0
2026-08-15,48,39.0
2026-08-15,49,50.0
2026-08-15,50,91.0
2026-08-15,51,50.0
2026-08-15,52,84.0
2026-08-15,53,62.0
2026-08-15,54,68.0
2026-08-15,55,26.0
2026-08-15,56,60.0
2026-08-15,57,51.0
2026-08-15,58,31.0
2026-08-15,59,27.0
2026-08-15,60,68.0
2026-08-15,61,85.0
2026-08-15,62,66.0
2026-08-15,63,93.0
2026-08-15,64,51.0
2026-08-15,65,57.0
2026-08-15,66,53.0
2026-08-15,67,59.0
2026-08-15,68,63.0
2026-08-15,69,81.0
2026-08-15,70,49.0
2026-08-15,71,23.0
2026-08-15,72,57.0
2026-08-15,73,19.0
2026-08-15,74,47.0
2026-08-15,75,75.0
2026-08-15,76,32.0
2026-08-15,77,68.0
2026-08-15,78,49.0
2026-08-15,79,38.0
2026-08-15,80,58.0
2026-08-15,81,81.0
2026-08-15,82,69.0
2026-08-15,83,82.0
2026-08-15,84,69.0
2026-08-15,85,36.0
2026-08-15,86,70.0
2026-08-15,87,50.0
2026-08-15,88,66.0
2026-08-15,89,56.0
2026-08-15,90,83.0
2026-08-15,91,38.0
2026-08-15,92,68.0
2026-08-15,93,48.0
2026-08-15,94,62.0
2026-08-15,95,93.0
2026-08-15,96,31.0
2026-08-15,97,67.0
2026-08-15,98,57.0
2026-08-15,99,35.0
2026-08-16,00,46.0
2026-08-16,01,34.0
2026-08-16,02,82.0
2026-08-16,03,37.0
2026-08-16,04,63.0
2026-08-16,05,96.0
2026-08-16,06,72.0
2026-08-16,07,14.0
2026-08-16,08,46.0
2026-08-16,09,65.0
2026-08-16,10,80.0
2026-08-16,11,57.0
2026-08-16,12,64.0
2026-08-16,13,56.0
2026-08-16,14,37.0
2026-08-16,15,61.0
2026-08-16,16,19.0
2026-08-16,17,89.0
2026-08-16,18,79.0
2026-08-16,19,72.0
2026-08-16,20,60.0
2026-08-16,21,55.0
2026-08-16,22,42.0
2026-08-16,23,43.0
2026-08-16,24,71.0
2026-08-16,25,46.0
2026-08-16,26,54.0
2026-08-16,27,66.0
2026-08-16,28,30.0
2026-08-16,29,65.0
2026-08-16,30,44.0
2026-08-16,31,31.0
2026-08-16,32,65.0
2026-08-16,33,55.0
2026-08-16,34,79.0
2026-08-16,35,71.0
2026-08-16,36,49.0
2026-08-16,37,39.0
2026-08-16,38,50.0
2026-08-16,39,57.0
2026-08-16,40,47.0
2026-08-16,41,56.0
2026-08-16,42,91.0
2026-08-16,43,45.0
2026-08-16,44,47.0
2026-08-16,45,27.0
2026-08-16,46,84.0
2026-08-16,47,56.0
2026-08-16,48,39.0
2026-08-16,49,50.0
2026-08-16,50,91.0
2026-08-16,51,52.0
2026-08-16,52,85.0
2026-08-16,53,60.0
2026-08-16,54,71.0
2026-08-16,55,26.0
2026-08-16,56,58.0
2026-08-16,57,49.0
2026-08-16,58,30.0
2026-08-16,59,26.0
2026-08-16,60,67.0
2026-08-16,61,84.0
2026-08-16,62,66.0
2026-08-16,63,93.0
2026-08-16,64,51.0
2026-08-16,65,52.0
2026-08-16,66,52.0
2026-08-16,67,58.0
2026-08-16,68,61.0
2026-08-16,69,83.0
2026-08-16,70,48.0
2026-08-16,71,22.0
2026-08-16,72,57.0
2026-08-16,73,21.0
2026-08-16,74,45.0
2026-08-16,75,71.0
2026-08-16,76,33.0
2026-08-16,77,65.0
2026-08-16,78,51.0
2026-08-16,79,36.0
2026-08-16,80,56.0
2026-08-16,81,85.0
2026-08-16,82,70.0
2026-08-16,83,81.0
2026-08-16,84,70.0
2026-08-16,85,33.0
2026-08-16,86,69.0
2026-08-16,87,52.0
2026-08-16,88,69.0
2026-08-16,89,55.0
2026-08-16,90,82.0
2026-08-16,91,40.0
2026-08-16,92,66.0
2026-08-16,93,48.0
2026-08-16,94,60.0
2026-08-16,95,96.0
2026-08-16,96,34.0
2026-08-16,97,68.0
2026-08-16,98,56.0
2026-08-16,99,33.0
2026-08-17,00,51.0
2026-08-17,01,32.0
2026-08-17,02,80.0
2026-08-17,03,36.0
2026-08-17,04,63.0
2026-08-17,05,94.0
2026-08-17,06,72.0
2026-08-17,07,14.0
2026-08-17,08,48.0
2026-08-17,09,65.0
2026-08-17,10,79.0
2026-08-17,11,55.0
2026-08-17,12,64.0
2026-08-17,13,53.0
2026-08-17,14,42.0
2026-08-17,15,63.0
2026-08-17,16,18.0
2026-08-17,17,88.0
2026-08-17,18,79.0
2026-08-17,19,68.0
2026-08-17,20,66.0
2026-08-17,21,56.0
2026-08-17,22,43.0
2026-08-17,23,42.0
2026-08-17,24,72.0
2026-08-17,25,47.0
2026-08-17,26,58.0
2026-08-17,27,68.0
2026-08-17,28,31.0
2026-08-17,29,66.0
2026-08-17,30,42.0
2026-08-17,31,31.0
2026-08-17,32,62.0
2026-08-17,33,56.0
2026-08-17,34,82.0
2026-08-17,35,72.0
2026-08-17,36,53.0
2026-08-17,37,36.0
2026-08-17,38,51.0
2026-08-17,39,55.0
2026-08-17,40,49.0
2026-08-17,41,57.0
2026-08-17,42,89.0
2026-08-17,43,46.0
2026-08-17,44,51.0
2026-08-17,45,29.0
2026-08-17,46,79.0
2026-08-17,47,56.0
2026-08-17,48,40.0
2026-08-17,49,50.0
2026-08-17,50,90.0
2026-08-17,51,54.0
2026-08-17,52,85.0
2026-08-17,53,56.0
2026-08-17,54,74.0
2026-08-17,55,27.0
2026-08-17,56,56.0
2026-08-17,57,47.0
2026-08-17,58,29.0
2026-08-17,59,25.0
2026-08-17,60,67.0
2026-08-17,61,84.0
2026-08-17,62,66.0
2026-08-17,63,92.0
2026-08-17,64,50.0
2026-08-17,65,48.0
2026-08-17,66,51.0
2026-08-17,67,57.0
2026-08-17,68,58.0
2026-08-17,69,84.0
2026-08-17,70,48.0
2026-08-17,71,21.0
2026-08-17,72,57.0
2026-08-17,73,24.0
2026-08-17,74,45.0
2026-08-17,75,68.0
2026-08-17,76,35.0
2026-08-17,77,62.0
2026-08-17,78,52.0
2026-08-17,79,34.0
2026-08-17,80,55.0
2026-08-17,81,89.0
2026-08-17,82,71.0
2026-08-17,83,81.0
2026-08-17,84,69.0
2026-08-17,85,29.0
2026-08-17,86,67.0
2026-08-17,87,55.0
2026-08-17,88,72.0
2026-08-17,89,55.0
2026-08-17,90,82.0
2026-08-17,91,42.0
2026-08-17,92,64.0
2026-08-17,93,47.0
2026-08-17,94,58.0
2026-08-17,95,96.0
2026-08-17,96,37.0
2026-08-17,97,69.0
2026-08-17,98,56.0
2026-08-17,99,31.0
2026-08-18,00,55.0
2026-08-18,01,30.0
2026-08-18,02,78.0
2026-08-18,03,35.0
2026-08-18,04,64.0
2026-08-18,05,91.0
2026-08-18,06,73.0
2026-08-18,07,14.0
2026-08-18,08,51.0
2026-08-18,09,65.0
2026-08-18,10,78.0
2026-08-18,11,53.0
2026-08-18,12,64.0
2026-08-18,13,51.0
2026-08-18,14,46.0
2026-08-18,15,65.0
2026-08-18,16,18.0
2026-08-18,17,88.0
2026-08-18,18,79.0
2026-08-18,19,65.0
2026-08-18,20,71.0
2026-08-18,21,57.0
2026-08-18,22,43.0
2026-08-18,23,42.0
2026-08-18,24,71.0
2026-08-18,25,48.0
2026-08-18,26,60.0
2026-08-18,27,70.0
2026-08-18,28,32.0
2026-08-18,29,68.0
2026-08-18,30,40.0
2026-08-18,31,31.0
2026-08-18,32,59.0
2026-08-18,33,58.0
2026-08-18,34,88.0
2026-08-18,35,74.0
2026-08-18,36,56.0
2026-08-18,37,34.0
2026-08-18,38,50.0
2026-08-18,39,53.0
2026-08-18,40,52.0
2026-08-18,41,57.0
2026-08-18,42,87.0
2026-08-18,43,46.0
2026-08-18,44,55.0
2026-08-18,45,30.0
2026-08-18,46,74.0
2026-08-18,47,56.0
2026-08-18,48,41.0
2026-08-18,49,50.0
2026-08-18,50,88.0
2026-08-18,51,57.0
2026-08-18,52,85.0
2026-08-18,53,52.0
2026-08-18,54,78.0
2026-08-18,55,28.0
2026-08-18,56,55.0
2026-08-18,57,44.0
2026-08-18,58,28.0
2026-08-18,59,25.0
2026-08-18,60,67.0
2026-08-18,61,84.0
2026-08-18,62,69.0
2026-08-18,63,88.0
2026-08-18,64,50.0
2026-08-18,65,46.0
2026-08-18,66,51.0
2026-08-18,67,56.0
2026-08-18,68,54.0
2026-08-18,69,86.0
2026-08-18,70,48.0
2026-08-18,71,20.0
2026-08-18,72,56.0
2026-08-18,73,28.0
2026-08-18,74,46.0
2026-08-18,75,65.0
2026-08-18,76,37.0
2026-08-18,77,60.0
2026-08-18,78,52.0
2026-08-18,79,32.0
2026-08-18,80,54.0
2026-08-18,81,91.0
2026-08-18,82,71.0
2026-08-18,83,82.0
2026-08-18,84,68.0
2026-08-18,85,26.0
2026-08-18,86,65.0
2026-08-18,87,56.0
2026-08-18,88,74.0
2026-08-18,89,55.0
2026-08-18,90,81.0
2026-08-18,91,42.0
2026-08-18,92,62.0
2026-08-18,93,46.0
2026-08-18,94,57.0
2026-08-18,95,95.0
2026-08-18,96,38.0
2026-08-18,97,70.0
2026-08-18,98,56.0
2026-08-18,99,30.0
2026-08-19,00,58.0
2026-08-19,01,28.0
2026-08-19,02,76.0
2026-08-19,03,35.0
2026-08-19,04,65.0
2026-08-19,05,89.0
2026-08-19,06,74.0
2026-08-19,07,15.0
2026-08-19,08,53.0
2026-08-19,09,64.0
2026-08-19,10,77.0
2026-08-19,11,54.0
2026-08-19,12,63.0
2026-08-19,13,51.0
2026-08-19,14,49.0
2026-08-19,15,67.0
2026-08-19,16,18.0
2026-08-19,17,89.0
2026-08-19,18,79.0
2026-08-19,19,63.0
2026-08-19,20,76.0
2026-08-19,21,57.0
2026-08-19,22,43.0
2026-08-19,23,42.0
2026-08-19,24,71.0
2026-08-19,25,49.0
2026-08-19,26,60.0
2026-08-19,27,71.0
2026-08-19,28,32.0
2026-08-19,29,70.0
2026-08-19,30,40.0
2026-08-19,31,32.0
2026-08-19,32,57.0
2026-08-19,33,61.0
2026-08-19,34,92.0
2026-08-19,35,77.0
2026-08-19,36,58.0
2026-08-19,37,31.0
2026-08-19,38,49.0
2026-08-19,39,49.0
2026-08-19,40,54.0
2026-08-19,41,57.0
2026-08-19,42,86.0
2026-08-19,43,47.0
2026-08-19,44,58.0
2026-08-19,45,31.0
2026-08-19,46,69.0
2026-08-19,47,56.0
2026-08-19,48,43.0
2026-08-19,49,50.0
2026-08-19,50,85.0
2026-08-19,51,61.0
2026-08-19,52,85.0
2026-08-19,53,49.0
2026-08-19,54,83.0
2026-08-19,55,30.0
2026-08-19,56,54.0
2026-08-19,57,41.0
2026-08-19,58,27.0
2026-08-19,59,24.0
2026-08-19,60,67.0
2026-08-19,61,84.0
2026-08-19,62,72.0
2026-08-19,63,83.0
2026-08-19,64,52.0
2026-08-19,65,44.0
2026-08-19,66,51.0
2026-08-19,67,55.0
2026-08-19,68,51.0
2026-08-19,69,89.0
2026-08-19,70,48.0
2026-08-19,71,19.0
2026-08-19,72,54.0
2026-08-19,73,32.0
2026-08-19,74,45.0
2026-08-19,75,63.0
2026-08-19,76,40.0
2026-08-19,77,58.0
2026-08-19,78,52.0
2026-08-19,79,30.0
2026-08-19,80,54.0
2026-08-19,81,94.0
2026-08-19,82,70.0
2026-08-19,83,81.0
2026-08-19,84,67.0
2026-08-19,85,24.0
2026-08-19,86,63.0
2026-08-19,87,57.0
2026-08-19,88,74.0
2026-08-19,89,54.0
2026-08-19,90,80.0
2026-08-19,91,42.0
2026-08-19,92,60.0
2026-08-19,93,45.0
2026-08-19,94,54.0
2026-08-19,95,93.0
2026-08-19,96,39.0
2026-08-19,97,70.0
2026-08-19,98,56.0
2026-08-19,99,30.0
2026-08-20,00,62.0
2026-08-20,01,26.0
2026-08-20,02,75.0
2026-08-20,03,35.0
2026-08-20,04,67.0
2026-08-20,05,88.0
2026-08-20,06,74.0
2026-08-20,07,15.0
2026-08-20,08,54.0
2026-08-20,09,62.0
2026-08-20,10,77.0
2026-08-20,11,55.0
2026-08-20,12,63.0
2026-08-20,13,51.0
2026-08-20,14,50.0
2026-08-20,15,68.0
2026-08-20,16,18.0
2026-08-20,17,90.0
2026-08-20,18,79.0
2026-08-20,19,61.0
2026-08-20,20,79.0
2026-08-20,21,57.0
2026-08-20,22,45.0
2026-08-20,23,43.0
2026-08-20,24,71.0
2026-08-20,25,49.0
2026-08-20,26,58.0
2026-08-20,27,72.0
2026-08-20,28,32.0
2026-08-20,29,72.0
2026-08-20,30,40.0
2026-08-20,31,33.0
2026-08-20,32,57.0
2026-08-20,33,65.0
2026-08-20,34,97.0
2026-08-20,35,80.0
2026-08-20,36,59.0
2026-08-20,37,29.0
2026-08-20,38,48.0
2026-08-20,39,46.0
2026-08-20,40,56.0
2026-08-20,41,57.0
2026-08-20,42,85.0
2026-08-20,43,49.0
2026-08-20,44,57.0
2026-08-20,45,32.0
2026-08-20,46,65.0
2026-08-20,47,56.0
2026-08-20,48,46.0
2026-08-20,49,51.0
2026-08-20,50,82.0
2026-08-20,51,62.0
2026-08-20,52,85.0
2026-08-20,53,44.0
2026-08-20,54,87.0
2026-08-20,55,32.0
2026-08-20,56,53.0
2026-08-20,57,39.0
2026-08-20,58,26.0
2026-08-20,59,25.0
2026-08-20,60,66.0
2026-08-20,61,85.0
2026-08-20,62,74.0
2026-08-20,63,77.0
2026-08-20,64,55.0
2026-08-20,65,42.0
2026-08-20,66,52.0
2026-08-20,67,54.0
2026-08-20,68,50.0
2026-08-20,69,91.0
2026-08-20,70,46.0
2026-08-20,71,18.0
2026-08-20,72,51.0
2026-08-20,73,36.0
2026-08-20,74,45.0
2026-08-20,75,62.0
2026-08-20,76,42.0
2026-08-20,77,56.0
2026-08-20,78,52.0
2026-08-20,79,29.0
2026-08-20,80,54.0
2026-08-20,81,95.0
2026-08-20,82,70.0
2026-08-20,83,79.0
2026-08-20,84,65.0
2026-08-20,85,22.0
2026-08-20,86,62.0
2026-08-20,87,57.0
2026-08-20,88,73.0
2026-08-20,89,53.0
2026-08-20,90,80.0
2026-08-20,91,43.0
2026-08-20,92,59.0
2026-08-20,93,44.0
2026-08-20,94,51.0
2026-08-20,95,91.0
2026-08-20,96,41.0
2026-08-20,97,70.0
2026-08-20,98,55.0
2026-08-20,99,32.0
2026-08-21,00,67.0
2026-08-21,01,25.0
2026-08-21,02,74.0
2026-08-21,03,35.0
2026-08-21,04,69.0
2026-08-21,05,86.0
2026-08-21,06,73.0
2026-08-21,07,15.0
2026-08-21,08,55.0
2026-08-21,09,60.0
2026-08-21,10,76.0
2026-08-21,11,56.0
2026-08-21,12,62.0
2026-08-21,13,49.0
2026-08-21,14,51.0
2026-08-21,15,69.0
2026-08-21,16,18.0
2026-08-21,17,90.0
2026-08-21,18,79.0
2026-08-21,19,61.0
2026-08-21,20,80.0
2026-08-21,21,58.0
2026-08-21,22,47.0
2026-08-21,23,44.0
2026-08-21,24,71.0
2026-08-21,25,49.0
2026-08-21,26,55.0
2026-08-21,27,74.0
2026-08-21,28,32.0
2026-08-21,29,73.0
2026-08-21,30,39.0
2026-08-21,31,34.0
2026-08-21,32,58.0
2026-08-21,33,71.0
2026-08-21,34,102.0
2026-08-21,35,84.0
2026-08-21,36,59.0
2026-08-21,37,27.0
2026-08-21,38,48.0
2026-08-21,39,44.0
2026-08-21,40,57.0
2026-08-21,41,57.0
2026-08-21,42,83.0
2026-08-21,43,50.0
2026-08-21,44,56.0
2026-08-21,45,32.0
2026-08-21,46,61.0
2026-08-21,47,57.0
2026-08-21,48,49.0
2026-08-21,49,50.0
2026-08-21,50,79.0
2026-08-21,51,63.0
2026-08-21,52,84.0
2026-08-21,53,41.0
2026-08-21,54,89.0
2026-08-21,55,33.0
2026-08-21,56,52.0
2026-08-21,57,38.0
2026-08-21,58,25.0
2026-08-21,59,26.0
2026-08-21,60,66.0
2026-08-21,61,86.0
2026-08-21,62,75.0
2026-08-21,63,71.0
2026-08-21,64,58.0
2026-08-21,65,40.0
2026-08-21,66,53.0
2026-08-21,67,54.0
2026-08-21,68,49.0
2026-08-21,69,92.0
2026-08-21,70,44.0
2026-08-21,71,17.0
2026-08-21,72,49.0
2026-08-21,73,40.0
2026-08-21,74,45.0
2026-08-21,75,62.0
2026-08-21,76,44.0
2026-08-21,77,55.0
2026-08-21,78,52.0
2026-08-21,79,28.0
2026-08-21,80,55.0
2026-08-21,81,95.0
2026-08-21,82,69.0
2026-08-21,83,77.0
2026-08-21,84,62.0
2026-08-21,85,21.0
2026-08-21,86,61.0
2026-08-21,87,57.0
2026-08-21,88,72.0
2026-08-21,89,52.0
2026-08-21,90,81.0
2026-08-21,91,43.0
2026-08-21,92,59.0
2026-08-21,93,43.0
2026-08-21,94,49.0
2026-08-21,95,90.0
2026-08-21,96,43.0
2026-08-21,97,70.0
2026-08-21,98,54.0
2026-08-21,99,36.0
2026-08-22,00,72.0
2026-08-22,01,24.0
2026-08-22,02,73.0
2026-08-22,03,35.0
2026-08-22,04,71.0
2026-08-22,05,84.0
2026-08-22,06,72.0
2026-08-22,07,16.0
2026-08-22,08,55.0
2026-08-22,09,59.0
2026-08-22,10,75.0
2026-08-22,11,57.0
2026-08-22,12,61.0
2026-08-22,13,48.0
2026-08-22,14,52.0
2026-08-22,15,70.0
2026-08-22,16,20.0
2026-08-22,17,89.0
2026-08-22,18,78.0
2026-08-22,19,61.0
2026-08-22,20,81.0
2026-08-22,21,59.0
2026-08-22,22,50.0
2026-08-22,23,44.0
2026-08-22,24,70.0
2026-08-22,25,49.0
2026-08-22,26,53.0
2026-08-22,27,74.0
2026-08-22,28,31.0
2026-08-22,29,75.0
2026-08-22,30,38.0
2026-08-22,31,35.0
2026-08-22,32,60.0
2026-08-22,33,76.0
2026-08-22,34,104.0
2026-08-22,35,86.0
2026-08-22,36,60.0
2026-08-22,37,27.0
2026-08-22,38,48.0
2026-08-22,39,41.0
2026-08-22,40,59.0
2026-08-22,41,57.0
2026-08-22,42,81.0
2026-08-22,43,51.0
2026-08-22,44,55.0
2026-08-22,45,32.0
2026-08-22,46,58.0
2026-08-22,47,56.0
2026-08-22,48,51.0
2026-08-22,49,52.0
2026-08-22,50,76.0
2026-08-22,51,64.0
2026-08-22,52,83.0
2026-08-22,53,39.0
2026-08-22,54,90.0
2026-08-22,55,34.0
2026-08-22,56,52.0
2026-08-22,57,37.0
2026-08-22,58,23.0
2026-08-22,59,27.0
2026-08-22,60,66.0
2026-08-22,61,86.0
2026-08-22,62,76.0
2026-08-22,63,66.0
2026-08-22,64,62.0
2026-08-22,65,40.0
2026-08-22,66,53.0
2026-08-22,67,53.0
2026-08-22,68,49.0
2026-08-22,69,93.0
2026-08-22,70,43.0
2026-08-22,71,16.0
2026-08-22,72,47.0
2026-08-22,73,45.0
2026-08-22,74,45.0
2026-08-22,75,61.0
2026-08-22,76,46.0
2026-08-22,77,54.0
2026-08-22,78,51.0
2026-08-22,79,28.0
2026-08-22,80,57.0
2026-08-22,81,93.0
2026-08-22,82,66.0
2026-08-22,83,77.0
2026-08-22,84,60.0
2026-08-22,85,20.0
2026-08-22,86,60.0
2026-08-22,87,57.0
2026-08-22,88,71.0
2026-08-22,89,51.0
2026-08-22,90,81.0
2026-08-22,91,43.0
2026-08-22,92,59.0
2026-08-22,93,41.0
2026-08-22,94,49.0
2026-08-22,95,88.0
2026-08-22,96,45.0
2026-08-22,97,70.0
2026-08-22,98,53.0
2026-08-22,99,39.0
2026-08-23,00,76.0
2026-08-23,01,23.0
2026-08-23,02,74.0
2026-08-23,03,36.0
2026-08-23,04,74.0
2026-08-23,05,82.0
2026-08-23,06,70.0
2026-08-23,07,17.0
2026-08-23,08,54.0
2026-08-23,09,59.0
2026-08-23,10,75.0
2026-08-23,11,59.0
2026-08-23,12,60.0
2026-08-23,13,48.0
2026-08-23,14,53.0
2026-08-23,15,70.0
2026-08-23,16,22.0
2026-08-23,17,87.0
2026-08-23,18,77.0
2026-08-23,19,61.0
2026-08-23,20,82.0
2026-08-23,21,59.0
2026-08-23,22,52.0
2026-08-23,23,44.0
2026-08-23,24,69.0
2026-08-23,25,49.0
2026-08-23,26,53.0
2026-08-23,27,75.0
2026-08-23,28,30.0
2026-08-23,29,76.0
2026-08-23,30,37.0
2026-08-23,31,36.0
2026-08-23,32,62.0
2026-08-23,33,78.0
2026-08-23,34,106.0
2026-08-23,35,89.0
2026-08-23,36,60.0
2026-08-23,37,27.0
2026-08-23,38,49.0
2026-08-23,39,40.0
2026-08-23,40,62.0
2026-08-23,41,57.0
2026-08-23,42,80.0
2026-08-23,43,51.0
2026-08-23,44,54.0
2026-08-23,45,31.0
2026-08-23,46,56.0
2026-08-23,47,56.0
2026-08-23,48,52.0
2026-08-23,49,53.0
2026-08-23,50,73.0
2026-08-23,51,66.0
2026-08-23,52,81.0
2026-08-23,53,36.0
2026-08-23,54,90.0
2026-08-23,55,36.0
2026-08-23,56,51.0
2026-08-23,57,35.0
2026-08-23,58,23.0
2026-08-23,59,29.0
2026-08-23,60,66.0
2026-08-23,61,86.0
2026-08-23,62,76.0
2026-08-23,63,61.0
2026-08-23,64,64.0
2026-08-23,65,39.0
2026-08-23,66,53.0
2026-08-23,67,52.0
2026-08-23,68,49.0
2026-08-23,69,95.0
2026-08-23,70,42.0
2026-08-23,71,15.0
2026-08-23,72,45.0
2026-08-23,73,48.0
2026-08-23,74,44.0
2026-08-23,75,60.0
2026-08-23,76,47.0
2026-08-23,77,55.0
2026-08-23,78,49.0
2026-08-23,79,28.0
2026-08-23,80,58.0
2026-08-23,81,91.0
2026-08-23,82,63.0
2026-08-23,83,77.0
2026-08-23,84,59.0
2026-08-23,85,19.0
2026-08-23,86,59.0
2026-08-23,87,58.0
2026-08-23,88,70.0
2026-08-23,89,49.0
2026-08-23,90,81.0
2026-08-23,91,43.0
2026-08-23,92,59.0
2026-08-23,93,40.0
2026-08-23,94,51.0
2026-08-23,95,85.0
2026-08-23,96,46.0
2026-08-23,97,70.0
2026-08-23,98,53.0
2026-08-23,99,43.0
2026-08-24,00,78.0
2026-08-24,01,23.0
2026-08-24,02,74.0
2026-08-24,03,37.0
2026-08-24,04,77.0
2026-08-24,05,78.0
2026-08-24,06,68.0
2026-08-24,07,18.0
2026-08-24,08,53.0
2026-08-24,09,60.0
2026-08-24,10,74.0
2026-08-24,11,61.0
2026-08-24,12,60.0
2026-08-24,13,48.0
2026-08-24,14,52.0
2026-08-24,15,70.0
2026-08-24,16,25.0
2026-08-24,17,87.0
2026-08-24,18,78.0
2026-08-24,19,62.0
2026-08-24,20,83.0
2026-08-24,21,60.0
2026-08-24,22,55.0
2026-08-24,23,46.0
2026-08-24,24,69.0
2026-08-24,25,49.0
2026-08-24,26,52.0
2026-08-24,27,75.0
2026-08-24,28,29.0
2026-08-24,29,75.0
2026-08-24,30,37.0
2026-08-24,31,37.0
2026-08-24,32,66.0
2026-08-24,33,80.0
2026-08-24,34,109.0
2026-08-24,35,91.0
2026-08-24,36,60.0
2026-08-24,37,26.0
2026-08-24,38,51.0
2026-08-24,39,38.0
2026-08-24,40,66.0
2026-08-24,41,56.0
2026-08-24,42,81.0
2026-08-24,43,51.0
2026-08-24,44,52.0
2026-08-24,45,29.0
2026-08-24,46,56.0
2026-08-24,47,56.0
2026-08-24,48,52.0
2026-08-24,49,54.0
2026-08-24,50,71.0
2026-08-24,51,69.0
2026-08-24,52,80.0
2026-08-24,53,34.0
2026-08-24,54,90.0
2026-08-24,55,37.0
2026-08-24,56,50.0
2026-08-24,57,33.0
2026-08-24,58,23.0
2026-08-24,59,31.0
2026-08-24,60,65.0
2026-08-24,61,85.0
2026-08-24,62,76.0
2026-08-24,63,56.0
2026-08-24,64,69.0
2026-08-24,65,38.0
2026-08-24,66,52.0
2026-08-24,67,51.0
2026-08-24,68,50.0
2026-08-24,69,95.0
2026-08-24,70,40.0
2026-08-24,71,14.0
2026-08-24,72,44.0
2026-08-24,73,52.0
2026-08-24,74,42.0
2026-08-24,75,58.0
2026-08-24,76,48.0
2026-08-24,77,56.0
2026-08-24,78,45.0
2026-08-24,79,28.0
2026-08-24,80,58.0
2026-08-24,81,88.0
2026-08-24,82,60.0
2026-08-24,83,76.0
2026-08-24,84,58.0
2026-08-24,85,19.0
2026-08-24,86,59.0
2026-08-24,87,58.0
2026-08-24,88,69.0
2026-08-24,89,46.0
2026-08-24,90,81.0
2026-08-24,91,43.0
2026-08-24,92,58.0
2026-08-24,93,41.0
2026-08-24,94,52.0
2026-08-24,95,83.0
2026-08-24,96,46.0
2026-08-24,97,70.0
2026-08-24,98,52.0
2026-08-24,99,47.0
