draw_date,region,source_name,source_url,collected_at,validation_status,validation_messages,content_hash
2026-07-14,mien-bac,minh-ngoc,https://www.minhngoc.net.vn/ket-qua-xo-so/mien-bac/14-07-2026.html,2026-07-14T14:16:07.308834+00:00,accepted,,1ee8437b8dbcb650a8c77a77d688be51d8593416b025fdb5b36f8ae8a45d99ac
2026-07-15,mien-bac,minh-ngoc,https://www.minhngoc.net.vn/ket-qua-xo-so/mien-bac/15-07-2026.html,2026-07-15T14:13:03.755819+00:00,accepted,,e3ac55b05e206c842de2d464a5d17b0ada351ce115ad61aee315ab83752dace5
2026-07-16,mien-bac,minh-ngoc,https://www.minhngoc.net.vn/ket-qua-xo-so/mien-bac/16-07-2026.html,2026-07-16T14:26:13.542717+00:00,accepted,,72798e3bb64d43ada3615b1d19f294f99e508786c55a4543bc170c63247570c2
2026-07-17,mien-bac,minh-ngoc,https://www.minhngoc.net.vn/ket-qua-xo-so/mien-bac/17-07-2026.html,2026-07-17T14:05:38.195985+00:00,accepted,,ca97286def69ac3fce0e4e9d1b8c1fc42ac8dff521ffa07ea8d5f5a32ed99316
2026-07-18,mien-bac,minh-ngoc,https://www.minhngoc.net.vn/ket-qua-xo-so/mien-bac/18-07-2026.html,2026-07-18T13:52:36.261735+00:00,accepted,,9edd43ba928ca0c22f936d862bba19ce1c36b8a4ba3aa75bea8c5de227d93bef
2026-07-19,mien-bac,minh-ngoc,https://www.minhngoc.net.vn/ket-qua-xo-so/mien-bac/19-07-2026.html,2026-07-19T13:56:16.651562+00:00,accepted,,75bce35b1652208f5e6dc2da3ae03889a0639411c51d269e9c4154bb3a802e7d
2026-07-20,mien-bac,minh-ngoc,https://www.minhngoc.net.vn/ket-qua-xo-so/mien-bac/20-07-2026.html,2026-07-20T14:35:01.329545+00:00,accepted,,a147dca21f31fe16c7c47adbb35534ecf12c257b59a48e428a9694185775f09c
2026-07-21,mien-bac,minh-ngoc,https://www.minhngoc.net.vn/ket-qua-xo-so/mien-bac/21-07-2026.html,2026-07-21T14:25:53.548747+00:00,accepted,,8087ecfabb88fea150bf0e8cc24a867748b3b82593dfd573d7483c7ce16d6fc1
2026-07-22,mien-bac,minh-ngoc,https://www.minhngoc.net.vn/ket-qua-xo-so/mien-bac/22-07-2026.html,2026-07-22T14:25:43.444329+00:00,accepted,,d5e0b858e8c211aa87f890b3114e6e65c17168c92dc3b5264e2859309d38e7e0
2026-07-23,mien-bac,minh-ngoc,https://www.minhngoc.net.vn/ket-qua-xo-so/mien-bac/23-07-2026.html,2026-07-23T14:35:13.995201+00:00,accepted,,b5055e92c79ef2e7508af9127aab727ceb07d3889a310755bff794d7084bb9d2
2026-07-24,mien-bac,minh-ngoc,https://www.minhngoc.net.vn/ket-qua-xo-so/mien-bac/24-07-2026.html,2026-07-24T14:15:20.456694+00:00,accepted,,3859e75564b1092da3bd647aca1ac789f6a753a0be7ee30bcaf6da0d87403dde
2026-07-25,mien-bac,minh-ngoc,https://www.minhngoc.net.vn/ket-qua-xo-so/mien-bac/25-07-2026.html,2026-07-25T14:04:32.153885+00:00,accepted,,cafac9a0654733f0f0de0f69dd7a15249f6709d710a560e363305be35a526f6a
2026-07-26,mien-bac,minh-ngoc,https://www.minhngoc.net.vn/ket-qua-xo-so/mien-bac/26-07-2026.html,2026-07-26T13:59:41.485339+00:00,accepted,,0dade66c040c3e69ed03e61b58d411d817911c6e52bd31675c283674fadf6d96
2026-07-27,mien-bac,minh-ngoc,https://www.minhngoc.net.vn/ket-qua-xo-so/mien-bac/27-07-2026.html,2026-07-27T15:16:17.027477+00:00,accepted,,f99b9a96c81465be8165c5a5f2eb97fbe4539ac591f1497d2ea4ac060339c481
2026-07-28,mien-bac,minh-ngoc,https://www.minhngoc.net.vn/ket-qua-xo-so/mien-bac/28-07-2026.html,2026-07-28T14:41:06.539677+00:00,accepted,,c35b9119ef175149dfb68b078ac589312b499d4a343d3da50509903db4c40e7b
2026-07-29,mien-bac,minh-ngoc,https://www.minhngoc.net.vn/ket-qua-xo-so/mien-bac/29-07-2026.html,2026-07-29T14:33:23.011899+00:00,accepted,,cc2f0bdcf8271deaa11003422aa18b2683c6a07dbbceb800bc9029b8ab569112
2026-07-30,mien-bac,minh-ngoc,https://www.minhngoc.net.vn/ket-qua-xo-so/mien-bac/30-07-2026.html,2026-07-30T14:34:53.243545+00:00,accepted,,b37c7cda40c88d21586b0b6c0cc5543afefb7577e4292014f57fb82a2e18b6cc
2026-07-31,mien-bac,minh-ngoc,https://www.minhngoc.net.vn/ket-qua-xo-so/mien-bac/31-07-2026.html,2026-07-31T14:38:22.873692+00:00,accepted,,2bb65659aff5b3deaaccba62df012e9437eba2a5877360d621e5d470a25c9b62
2026-08-01,mien-bac,minh-ngoc,https://www.minhngoc.net.vn/ket-qua-xo-so/mien-bac/01-08-2026.html,2026-08-01T13:57:53.900419+00:00,accepted,,7e9d223b2c6b3910036bcf01e1987bdeb4dde4fe960a9717ed1a0f61be0351a0
2026-08-02,mien-bac,minh-ngoc,https://www.minhngoc.net.vn/ket-qua-xo-so/mien-bac/02-08-2026.html,2026-08-02T13:58:51.198187+00:00,accepted,,fd75e0338b9c395d6f2ae99eb5fdd600cd5ab97dcc2718893d09944439390c1e
2026-08-03,mien-bac,minh-ngoc,https://www.minhngoc.net.vn/ket-qua-xo-so/mien-bac/03-08-2026.html,2026-08-03T15:19:12.415578+00:00,accepted,,9adc3ab444dea470826ca3b4a1f4e2a716c019ca034787227d946eaf13d907da
2026-08-04,mien-bac,minh-ngoc,https://www.minhngoc.net.vn/ket-qua-xo-so/mien-bac/04-08-2026.html,2026-08-04T14:41:41.366046+00:00,accepted,,bcfda83e94e2625ea2f3a5cefc9c9264d927d6cb899e2efaa311230b672daa72
2026-08-05,mien-bac,minh-ngoc,https://www.minhngoc.net.vn/ket-qua-xo-so/mien-bac/05-08-2026.html,2026-08-05T14:35:48.213068+00:00,accepted,,425e50a05548aaabffc5483b261a4dbc2109c9daafbc47247c2baba8a4ab30ec
2026-08-06,mien-bac,minh-ngoc,https://www.minhngoc.net.vn/ket-qua-xo-so/mien-bac/06-08-2026.html,2026-08-06T14:37:00.502796+00:00,accepted,,f27106fee3d9f93ef1b59f8ed3e007a5af264447d18272198954c428f0525390
2026-08-07,mien-bac,minh-ngoc,https://www.minhngoc.net.vn/ket-qua-xo-so/mien-bac/07-08-2026.html,2026-08-07T13:41:43.021674+00:00,accepted,,b0f2e49a3f8f6b22992da6ea0cfca4430a1324263371194ea6c5edddf66967e1
2026-08-08,mien-bac,minh-ngoc,https://www.minhngoc.net.vn/ket-qua-xo-so/mien-bac/08-08-2026.html,2026-08-08T13:14:35.937021+00:00,accepted,,4fc8a65459e699e0f8391cb832bf26bac35a1b5998611abe65a2efc4b50a5853
2026-08-09,mien-bac,minh-ngoc,https://www.minhngoc.net.vn/ket-qua-xo-so/mien-bac/09-08-2026.html,2026-08-09T13:17:33.019345+00:00,accepted,,fb65b336ca66796c560e1d4e43d639c04f42174e7346b20e62375579714a3f1d
2026-08-10,mien-bac,minh-ngoc,https://www.minhngoc.net.vn/ket-qua-xo-so/mien-bac/10-08-2026.html,2026-08-10T13:47:10.041308+00:00,accepted,,d61b95865df607bde7704d6bd20352cb844af316759280140c2a1ffeda91b365
2026-08-11,mien-bac,minh-ngoc,https://www.minhngoc.net.vn/ket-qua-xo-so/mien-bac/11-08-2026.html,2026-08-11T13:45:37.971346+00:00,accepted,,7d2434c1fa7173ad1fad945412f9eda01efdda195258ea317a16e2bf6f3c938d
2026-08-12,mien-bac,minh-ngoc,https://www.minhngoc.net.vn/ket-qua-xo-so/mien-bac/12-08-2026.html,2026-08-12T13:50:50.593741+00:00,accepted,,f6cbd4eeabf54e8e25b731163e927e3f2319b7ce3ecb1eb498a07891897f1e34
2026-08-13,mien-bac,minh-ngoc,https://www.minhngoc.net.vn/ket-qua-xo-so/mien-bac/13-08-2026.html,2026-08-13T13:50:42.555698+00:00,accepted,,5c1bac42579d4edd64653fa687921e0dd9cd9fec195fcb1c2043b6bb33f6bede
2026-08-14,mien-bac,minh-ngoc,https://www.minhngoc.net.vn/ket-qua-xo-so/mien-bac/14-08-2026.html,2026-08-14T13:46:12.405149+00:00,accepted,,7e473896ca55c886162ee99d22394c7348bfeac0ff98907aa29d0c7f356c6854
2026-08-15,mien-bac,minh-ngoc,https://www.minhngoc.net.vn/ket-qua-xo-so/mien-bac/15-08-2026.html,2026-08-15T13:01:16.103457+00:00,accepted,,a7a067059addec762e55fcc774f214bb89283364015a94dd0cdca9c8a14a2439
2026-08-16,mien-bac,minh-ngoc,https://www.minhngoc.net.vn/ket-qua-xo-so/mien-bac/16-08-2026.html,2026-08-16T13:02:44.690440+00:00,accepted,,29a3564749868c38686aa5a9345af1800e0cac81f9dcb17cfc750023966ee545
2026-08-17,mien-bac,minh-ngoc,https://www.minhngoc.net.vn/ket-qua-xo-so/mien-bac/17-08-2026.html,2026-08-17T13:08:07.881186+00:00,accepted,,62823bdf269fecd1221ec704fadbf00dee544574e45dcec271bb95f89506c093
2026-08-18,mien-bac,minh-ngoc,https://www.minhngoc.net.vn/ket-qua-xo-so/mien-bac/18-08-2026.html,2026-08-18T13:10:31.134662+00:00,accepted,,da524202f9d4a0cdb5a54c3e89b95f8d908797b8b5be4ff13551d758ea79fc97
2026-08-19,mien-bac,minh-ngoc,https://www.minhngoc.net.vn/ket-qua-xo-so/mien-bac/19-08-2026.html,2026-08-19T13:11:27.911175+00:00,accepted,,d7d5adf34b5ffe6bc61b1338054d207633b01189ec1aa5ee18024d2ef57d60c9
2026-08-20,mien-bac,minh-ngoc,https://www.minhngoc.net.vn/ket-qua-xo-so/mien-bac/20-08-2026.html,2026-08-20T13:13:02.773708+00:00,accepted,,c443b761cf8ffe6544826cb412a1162c8d01ea2c141b0765f8d73b61236ccf75
2026-08-21,mien-bac,minh-ngoc,https://www.minhngoc.net.vn/ket-qua-xo-so/mien-bac/21-08-2026.html,2026-08-21T13:13:24.577348+00:00,accepted,,fb97c79729d15ba88c97a33665d2cbae6ce697cd72856ff02e8f215bbbfde11a
2026-08-22,mien-bac,minh-ngoc,https://www.minhngoc.net.vn/ket-qua-xo-so/mien-bac/22-08-2026.html,2026-08-22T13:02:45.798587+00:00,accepted,,f52b6267437cdcd627a89e8681678d4eb065bf4af5cca5c4ce455c4fa4489f14
2026-08-23,mien-bac,minh-ngoc,https://www.minhngoc.net.vn/ket-qua-xo-so/mien-bac/23-08-2026.html,2026-08-23T13:03:58.542902+00:00,accepted,,c2b0f5f62cf6aabef442f71fe3223db5f7b950d67747d31594da8d2bc7ff1344
2026-08-24,mien-bac,minh-ngoc,https://www.minhngoc.net.vn/ket-qua-xo-so/mien-bac/24-08-2026.html,2026-08-24T13:15:37.095758+00:00,accepted,,7ef8463dfa950484dd5dbcaaafaaa706d3e95d6b4702ed4f0f20926b0aea3cda
2026-08-25,mien-bac,minh-ngoc,https://www.minhngoc.net.vn/ket-qua-xo-so/mien-bac/25-08-2026.html,2026-08-25T13:13:29.639762+00:00,accepted,,544adb86ddfbe84eff7a813b278df7c04d03fd40138d96e5726a4e1eb836cdd2
2026-08-26,mien-bac,minh-ngoc,https://www.minhngoc.net.vn/ket-qua-xo-so/mien-bac/26-08-2026.html,2026-08-26T13:18:27.610356+00:00,accepted,,b508481a898f079466aa700706423024679be11f8419a5aca8c427e213fcdcf9
2026-08-27,mien-bac,minh-ngoc,https://www.minhngoc.net.vn/ket-qua-xo-so/mien-bac/27-08-2026.html,2026-08-27T22:18:09.748924+00:00,accepted,,349963f53d2a728bb2b8b9597f9916fd6672abfae93036924d475ef9d8280e13
2026-08-28,mien-bac,minh-ngoc,https://www.minhngoc.net.vn/ket-qua-xo-so/mien-bac/28-08-2026.html,2026-08-28T22:23:43.118983+00:00,accepted,,8b92c2f47519217e7b2cfae5ec64f6ae7e8b039f6d9989e0487bcac3cb5c23e8
2026-08-29,mien-bac,minh-ngoc,https://www.minhngoc.net.vn/ket-qua-xo-so/mien-bac/29-08-2026.html,2026-08-29T16:45:28.276739+00:00,accepted,,60c38d3182281981105b2f235f8c0de1801f9bb7389a45eda049ab16dca80726
2026-08-30,mien-bac,minh-ngoc,https://www.minhngoc.net.vn/ket-qua-xo-so/mien-bac/30-08-2026.html,2026-08-30T16:43:44.484683+00:00,accepted,,3d22694bac65549acc07733c6dcad948a82f3105c70eed1c7f2559c9195f832b
2026-08-31,mien-bac,minh-ngoc,https://www.minhngoc.net.vn/ket-qua-xo-so/mien-bac/31-08-2026.html,2026-08-31T19:08:57.221767+00:00,accepted,,fa35a838592007bba8931ac41246be9737062266bf5460ae35e3dfaaac9c0f7e
2026-09-01,mien-bac,minh-ngoc,https://www.minhngoc.net.vn/ket-qua-xo-so/mien-bac/01-09-2026.html,2026-09-01T16:42:35.401195+00:00,accepted,,4f24fccfaa4caa91a301309c3ed212eaa6a16202b993bc4b7c10b40dbb062d32
2026-09-02,mien-bac,minh-ngoc,https://www.minhngoc.net.vn/ket-qua-xo-so/mien-bac/02-09-2026.html,2026-09-02T16:37:32.713617+00:00,accepted,,e66bab08c81a66550def43f64eb25be32e365e80bdb9bfb314154045925a9789
